CHECK_FIRST,title_accuracy_0_5,title_search_0_5,desc_accuracy_0_5,desc_search_0_5,what_the_judge_flagged,product,link,current_title,proposed_title,current_description,proposed_description,why_the_model_chose_this,DECISION (approve / reject / edit),YOUR_TITLE (only if edit),YOUR_DESCRIPTION (only if edit),title_id,desc_id
MODEL REFUSED,,,,,UNPARSED JUDGE REPLY: ,Dynamocks Mint Green Cotton Crew Socks – MINT,https://dynamocks.us/products/mint-crew-length-socks-cotton-crew-socks,,"The product images (patterned, black/white/teal) and product text (solid, mint green) describe two different products. Clarification on the actual colour and pattern is required to proceed.","Mint green cotton crew socks — a fresh solid colour in breathable combed cotton with a secure fit for everyday wear. Dynamocks MINT, sizes 6–12, men & women.",,"Frames 1-3 show a crew length sock with a prominent zigzag pattern in black, white, and teal/aqua. The provided product data (title, current seo.description, body description) repeatedly describes a ""Mint Green"" and ""solid colour"" sock. This fundamental contradiction in colour and pattern between the visual product and its textual description makes it impossible to select a product path or target search phrases without inventing facts or misrepresenting the product.",,,,2481,
NOT SCORED,,,,,,Dynamocks Red & Yellow Cotton Crew Socks – Dashing,https://dynamocks.us/products/dashing-crew-length-socks-cotton-ankle-socks,,Red & Yellow Checkered Grid Crew Socks for Men & Women | Dynamocks,"Red & yellow cotton crew socks with a sporty look — breathable combed cotton with a secure fit for everyday wear. Dynamocks Dashing, sizes 6–12, men & women.","Make a bold statement with these cool red, yellow & black checkered grid crew socks. Made with breathable combed cotton for a secure, stay-put fit.","Photographs show red and yellow crew socks with a black checkered grid pattern. Frames 2-3 show the product on a white background, frame 1 on a person. This is a single pair, casual product (Path A). Chose ""Red & Yellow Checkered Grid Crew Socks for Men & Women"" as it leads with colour and length (58% of demand), includes a specific motif, and the most-searched modifier ""for Men & Women"". Rejected generic ""Dashing"" from the internal product name.",,,,2554,2555
NOT SCORED,,,,,,Sublime 1.0 Ankle Length Socks,https://dynamocks.us/products/91,,"Turquoise, Blue & White Checkered Ankle Socks for Men & Women | Dynamocks",,"Step out in style with our cool turquoise, blue & white checkered ankle socks. Crafted from soft combed cotton for all-day comfort, breathability, and a smell-free fit.","The photographs show turquoise, blue, and white socks with a distinct checkered pattern, at ankle length. The first frame shows them worn by a man; there are no banners or size charts. Following the `single` product kind, I chose PATH A (single pair, casual). I prioritized ""Turquoise, Blue & White Checkered Ankle Socks for Men & Women"" over the generic ""Sublime 1.0"" or ""Geometric"" because colour and length carry the most search demand (51% and 58% respectively), and gender is a top modifier. ""Checkered"" is a more precise description of the motif than ""Geometric.",,,,2557,2558
NOT SCORED,,,,,,SUBLIME 3.0 ANKLE LENGTH SOCKS - Cotton Ankle Socks,https://dynamocks.us/products/sublime-3-0-ankle-length-socks-cotton-ankle-socks,,"Black, Red & White Checkered Ankle Socks for Men & Women | Dynamocks",SUBLIME 3.0 ANKLE LENGTH SOCKS:  Breathable combed cotton meets supreme softness. Perfect for everyday comfort with a touch of luxury.,"Step up your style with these cool Black, Red & White Checkered Ankle Socks. Crafted from soft combed cotton for breathable comfort and a flexible, stay-put fit. Perfect for adding a bold touch to any everyday outfit, for men and women.","The photographs show black, red, and white ankle socks with an interlocking checkered pattern. This is a single pair, casual product, falling under PATH A. I chose to lead with ""Black, Red & White Checkered Ankle Socks"" as colour and length carry the most demand, and ""checkered"" is a plain, accurate motif that avoids the generic ""geometric"" and fits the character limit.",,,,2224,2225
NOT SCORED,,,,,,Sublime 4.0 Ankle Length Socks,https://dynamocks.us/products/93,,Blue & White Checkered Ankle Socks for Men & Women | Dynamocks,,"Step up your style with these cool Blue & White checkered ankle socks for men & women. Crafted from soft combed cotton, they provide breathable, smell-free comfort. Perfect for adding a funky touch to any casual outfit.","Frames 1-3 show ankle-length socks with a distinct blue, white, and dark blue (navy) checkered pattern. Identified as Path A (single pair, casual). Led with 'Blue & White Checkered Ankle Socks' to capitalize on high demand for colour and length (1503 impressions for 'ankle socks'), while providing a specific motif distinct from existing 'Geometric Print' titles.",,,,2227,2228
NOT SCORED,,,,,,Aqua & Maroon Cotton Ankle Socks: Bold Stripes 3.0 Ankle Length Socks,https://dynamocks.us/products/cotton-ankle-socks-bold-stripes-3-0-ankle-length-socks,"Aqua & Maroon Bold Stripes Cotton Ankle Socks | Soft, Stylish & Durable",Aqua & Maroon Striped Ankle Socks for Men & Women | Dynamocks,"Step into style with our Aqua & Maroon Cotton Ankle Socks. Featuring bold stripes, these ankle-length socks blend comfort and durability. Crafted for those who crave both flair and function, they offer all-day freshness and a confident look. Perfect for daily wear, they elevate your outfit and mood effortlessly!","Add a cool, bold touch to your look with these Aqua & Maroon striped ankle socks. Crafted from a soft combed cotton blend for men and women, they offer exceptional comfort and a secure, stay-put fit for all-day wear.","The photographs clearly show a pair of ankle-length socks with horizontal stripes in aqua (turquoise) and maroon. Frame 1 shows them on a foot, frames 2-3 are product shots. This is a single pair, following Path A (single pair, casual). Aimed to combine 'aqua', 'maroon', 'striped', 'ankle socks', and 'for men & women' which are all highly searched or direct descriptors. Rejected internal names like ""Bold Stripes 3.0"" as they have no search demand.",,,,2973,2974
NOT SCORED,,,,,,Cotton Ankle Socks: MAYAN Ankle Length Socks,https://dynamocks.us/products/cotton-ankle-socks-mayan-ankle-length-socks,Mayan Cotton Ankle Socks | Stylish Ankle-Length Socks with Bold Mayan Patterns,"Black, White & Blue Geometric Short Socks for Men & Women | Dynamocks","Step into style with the Mayan Cotton Ankle Socks! Featuring bold and intricate Mayan-inspired patterns, these ankle-length socks are crafted from soft, breathable cotton for all-day comfort. Perfect for adding a touch of unique flair to your everyday outfits, these socks combine vibrant design with cozy durability. Elevate your sock collection with a dash of cultural charm, only from Dynamocks!","Step up your style with these cool Black, White & Blue geometric short socks. Crafted from soft combed cotton, they offer all-day comfort and a secure fit. Perfect for adding a bold touch to any outfit. Shop fun ankle socks for men & women.","Photographs show ankle-length socks with a striking black and white labyrinthine geometric pattern, accented with vibrant blue on the cuff, heel, and toe. Selected Path A (single pair, casual) as it's a single pair. Led with 'Black, White & Blue Geometric Short Socks' to align with high demand for colour and length, and to use 'short' as a strong synonym for ankle. Rejected 'Mayan' as an ungrounded merchandising label.",,,,2976,2977
NOT SCORED,,,,,,MINT ANKLE LENGTH SOCKS - Cotton Ankle Socks,https://dynamocks.us/products/mint-ankle-length-socks-cotton-ankle-socks,,"Turquoise, Black & White Zigzag Ankle Socks for Men & Women | Dynamocks","MINT ANKLE LENGTH SOCKS:  Add a touch of cool freshness! Breathable combed cotton, soothing mint color, and a comfortable fit.","Step out in style with these cool turquoise, black & white zigzag ankle socks for men & women. Made from soft combed cotton, they offer breathable comfort and a secure fit for everyday fun.","Frames 2-4 show ankle socks with a black, white, and turquoise zigzag pattern; frame 1 is a lifestyle shot. The product is a `single` pair, casual (Path A). Used ""Turquoise, Black & White Zigzag"" as the motif, prioritizing colour and length as they carry the majority of demand. Rejected ""Mint Green"" from the product title as the image clearly depicts a turquoise shade, and for colour claims, the photo overrides contradictory text.",,,,2560,2561
NOT SCORED,,,,,,Cotton Ankle Socks: MAZE Ankle Length Socks,https://dynamocks.us/products/cotton-ankle-socks-maze-ankle-length-socks,Maze Cotton Ankle Socks | Bold & Comfy Ankle-Length Socks with Geometric Patterns,Turquoise & Teal Maze Ankle Socks for Men & Women | Dynamocks,"Unravel the style with Maze Cotton Ankle Socks! Featuring striking geometric maze patterns, these ankle-length socks provide a unique blend of fashion and comfort. Made from soft, breathable cotton, they offer a snug fit perfect for all-day wear. Add a creative twist to your look with these fun and stylish socks, ideal for making a bold statement. Experience comfort in every step with Dynamocks' Maze Ankle Socks!","Step into cool style with Turquoise & Teal Maze Ankle Socks. Crafted from soft, breathable combed cotton, these fun geometric socks offer all-day comfort and a secure fit for men and women.","Photographs show turquoise, teal, orange, and white ankle-length socks with a distinct maze-like geometric pattern. Selected Path A (single pair, casual) as per 'PRODUCT KIND'. Focused on 'Turquoise & Teal Maze Ankle Socks for Men & Women' as it accurately describes the product while leading with high-demand color and length terms, and using 'maze' as a specific motif.",,,,2979,2980
NOT SCORED,,,,,,GRILL ANKLE LENGTH SOCKS - Cotton Ankle Socks,https://dynamocks.us/products/grill-ankle-length-socks-cotton-ankle-socks,,Green & White Geometric Ankle Socks for Men & Women | Dynamocks,GRILL ANKLE LENGTH SOCKS:  Fire up your style with a fun BBQ design! Breathable combed cotton and a comfortable fit.,"Add a fresh touch to your look with our Green & White Geometric Ankle Socks. Crafted from breathable combed cotton for all-day comfort, these cool ankle socks feature a unique interlocking pattern. Designed for men & women, they offer a secure, stay-put fit for any casual occasion.","Photographs show ankle socks with a dark green and white interlocking geometric pattern. Confirmed as a single, casual pair. Aimed for ""Green & White Geometric Ankle Socks"" for men & women, rejecting internal ""Grill"" motif as it's not present in the images.",,,,2393,2394
NOT SCORED,,,,,,STRIPES 3.0 ANKLE LENGTH SOCKS - Cotton Ankle Socks,https://dynamocks.us/products/stripes-3-0-ankle-length-socks-cotton-ankle-socks,,"Maroon, White & Mint Striped Ankle Socks | Dynamocks",STRIPES 3.0 ANKLE LENGTH SOCKS: Upgrade your style with bold stripes! Breathable combed cotton and a comfortable fit.,"Step out in style with these cool Maroon, White & Mint striped ankle socks. Crafted from breathable combed cotton for all-day comfort and a secure fit. A perfect pair of cotton ankle socks for men & women for a fun, everyday look.","The photographs show ankle-length socks with horizontal stripes in maroon, white, and mint green. This is a single pair, casual product, so Path A was chosen. The titles aim for ""Maroon, White & Mint Striped Ankle Socks"" as this accurately describes the product, leading with specific colors and length, and targeting searched phrases like ""striped ankle socks"" and ""cotton ankle socks"". The generic codename ""STRIPES 3.0"" was rejected.",,,,2569,2570
NOT SCORED,,,,,,Multicolor Cotton Ankle Socks: STRIPES 10.0 Ankle Length Socks,https://dynamocks.us/products/cotton-ankle-socks-stripes-10-0-ankle-length-socks,,Multi-Color Striped Ankle Socks for Men & Women | Dynamocks,"Elevate your ankle sock game! STRIPES 10.0 cotton Ankle Socks. Fresh Stripes design, comfortable and secure fit.","Inject vibrant personality into your wardrobe with these multi-color striped ankle socks for men and women. Crafted from breathable combed cotton for a secure and comfortable fit, they’re ideal for adding a bold, fun touch to your everyday look.","Frames 1-3 show multi-color narrow striped ankle socks with red toes/heels and blue cuffs. Following PATH A for a single, casual pair. Chose 'Multi-Color Striped Ankle Socks for Men & Women' over generic descriptions, focusing on colour, motif, and length which carry high search demand, and incorporating 'striped ankle socks' as a direct query.",,,,2308,2309
NOT SCORED,,,,,,"Black, Orange & Yellow Cotton Ankle Socks: SIZZLE Ankle Length Socks",https://dynamocks.us/products/cotton-ankle-socks-sizzle-ankle-length-socks,"SIZZLE Ankle Length Socks – Black, Orange & Yellow Cotton Ankle Socks","Black, Orange & Yellow Wavy Ankle Socks for Men & Women | Dynamocks","Ignite your style with SIZZLE Ankle Length Socks in Black, Orange, and Yellow. These Cotton Ankle Socks combine bold colors with ultimate comfort, perfect for making a statement while keeping cozy. Ideal for adding a touch of fiery flair to your wardrobe. Shop now at Dynamocks and step into vibrant, stylish comfort!","Step into bold style with these Black, Orange & Yellow wavy ankle socks for men & women. Crafted from breathable combed cotton, these cool socks offer lasting comfort and a secure fit for everyday wear.","Photographs display ankle-length socks with a bold, wavy pattern in black, orange, and yellow. Identified as a single, casual pair, following PATH A. Chose to lead with 'Black, Orange & Yellow Wavy Ankle Socks for Men & Women' for the titles, prioritizing colour, length, and gender (all high demand) and using ""Wavy"" as the plain, descriptive motif. Rejected the internal 'SIZZLE' name and generic 'Artistic Step'.",,,,2988,2989
NOT SCORED,,,,,,Yellow Cotton Ankle Socks: Sunshine Ankle Length Socks,https://dynamocks.us/products/cotton-ankle-socks-sunshine-ankle-length-socks,,Yellow & White Geometric Ankle Socks for Men & Women,"Brighten your day with Yellow Cotton Ankle Socks: Sunshine Ankle Length Socks. Perfect for comfort and style, ideal for any casual outfit!","Step into fun with these cool yellow and white geometric ankle socks. Made with combed cotton for breathability, they offer a comfortable, stay-put fit for everyday wear. Perfect for adding a cheerful, bold touch to any casual outfit, for men and women.","Photographs show predominantly yellow socks with a white geometric diamond pattern, accented with orange at the cuff, heel, and toe. This is a single, casual pair, fitting Path A. I chose to lead with ""Yellow & White Geometric Ankle Socks"" to prioritize colour (high demand, e.g., 'white ankle socks' at 770 imp) and length ('ankle socks' at 1503 imp), using 'Geometric' for the motif over less-searched specific patterns.",,,,2587,2588
NOT SCORED,,,,,,"Turquoise, Yellow & Green Cotton Ankle Socks: Beam Ankle Length Socks",https://dynamocks.us/products/cotton-ankle-socks-beam-ankle-length-socks,,"Turquoise, Yellow & Green Ankle Socks for Men & Women","Add geometric style to your feet! Cotton ankle socks with a dynamic Beam design. Breathable comfort, perfect stretch, standout style.","Stand out in these cool Turquoise, Yellow & Green cotton ankle socks. Featuring a bold geometric pattern, they offer breathable comfort and a secure fit for men & women.","The photographs show striking teal/blue, yellow, and lighter green ankle socks with a bold triangular geometric pattern. This is a single pair, casual product (Path A). I prioritized the three dominant colors and ""Ankle Socks"" from the high-demand search list, while including the gender modifier, which required omitting the motif from the seo_title to stay within character limits.",,,,2590,2591
NOT SCORED,,,,,,Cotton Ankle Socks: Burgers Ankle Length Socks,https://dynamocks.us/products/cotton-ankle-socks-burgers-ankle-length-socks,Cotton Ankle Socks – Burgers Ankle Length Socks | Fun & Delicious,Blue & Yellow Burger Ankle Socks for Men & Women | Dynamocks,"Satisfy your style cravings with our Cotton Ankle Socks featuring a delicious Burger design. These ankle-length socks offer a fun and quirky twist to your everyday wear, combining a playful burger pattern with cozy, soft cotton. Perfect for those who love a bit of humor in their fashion. Shop now at Dynamocks and treat your feet to a tasty style upgrade!","Grab these cool blue and yellow burger ankle socks for a fun, standout look. Crafted from soft combed cotton, these ankle length socks for men and women feature a bold burger pattern that's perfect for everyday wear or gifting. Enjoy comfort and a touch of quirky style.","Photographs show a single pair of blue ankle socks with yellow burger and teal accent patterns. Followed Path A (single pair, casual). Chose ""Blue & Yellow Burger Ankle Socks for Men & Women"" to lead with high-demand colour and length, explicitly naming the motif and the primary gender modifier.",,,,2991,2992
NOT SCORED,,,,,,PLUS ANKLE LENGTH SOCKS - Cotton Ankle Socks,https://dynamocks.us/products/plus-ankle-length-socks-cotton-ankle-socks,,"Black, Turquoise & White Plus Ankle Socks for Men & Women | Dynamocks","PLUS ANKLE LENGTH SOCKS: Experience a comfortable, accommodating fit with breathable combed cotton and a secure hold.","Step up your style with these cool Black, Turquoise & White Plus Ankle Socks for men and women. Made from soft combed cotton, they offer all-day comfort and a secure fit.","Frames 1-3 show black ankle socks with a white plus sign pattern, featuring bright turquoise cuffs, heels, and toes. Chose Path A (single, casual). Led with 'Black,' 'Turquoise,' and 'Ankle Socks' as color and length carry the most demand, and 'Plus' accurately describes the motif, aligning with the product's original name, rather than the incorrect 'Polka' tag.",,,,2593,2594
NOT SCORED,,,,,,PLUSH ANKLE LENGTH SOCKS - Cotton Ankle Socks,https://dynamocks.us/products/plush-ankle-length-socks-cotton-ankle-socks,,Turquoise & Black Clover Ankle Socks for Men & Women | Dynamocks,PLUSH ANKLE LENGTH SOCKS:  Experience ultimate comfort with a luxuriously soft feel. Breathable combed cotton and a perfect fit.,"Step into playful style and ultimate comfort with these Turquoise & Black Clover Ankle Socks. Crafted from soft, breathable combed cotton, they offer a flexible, secure fit for all-day wear. Perfect for men & women who love a fun pop of color in their everyday casual look.","Frames 1-3 show bright turquoise socks with a repeating black four-leaf clover motif, and black cuff, heel, and toe. This is a single, casual pair (Path A). Led with 'Turquoise & Black Clover Ankle Socks' targeting 'turquoise socks' (129 impressions) and 'ankle socks' (1503 impressions), rejecting the vague 'Polka' tag from product tags and low-demand 'Geometric' pattern words (2.5% demand).",,,,2596,2597
NOT SCORED,,,,,,POLKA ANKLE LENGTH SOCKS - Cotton Ankle Socks,https://dynamocks.us/products/polka-ankle-length-socks-cotton-ankle-socks,,Teal Dragon Fruit Print Ankle Socks for Men & Women | Dynamocks,POLKA ANKLE LENGTH SOCKS:  Add a touch of fun with polka dots! Breathable combed cotton and a comfortable fit.,"Add a splash of tropical fun with our cool teal dragon fruit print ankle socks. Crafted from breathable combed cotton, these funky socks offer a secure, stay-put fit for men and women.","Frames 1-3 show teal ankle socks with a white and yellow dragon fruit slice pattern. Selected PATH A (single pair, casual). Chose 'Teal Dragon Fruit Print Ankle Socks' over the internal 'Polka' description, as the image clearly shows fruit slices, not polka dots. Prioritized colour and length which carry high search demand, while 'dragon fruit' provides specific visual grounding.",,,,2399,2400
NOT SCORED,,,,,,Cotton Ankle Socks: ELEGANT STRIPES 1.0 Ankle Length Socks,https://dynamocks.us/products/cotton-ankle-socks-elegant-stripes-1-0-ankle-length-socks,Cotton Ankle Socks – Elegant Stripes 1.0 Ankle Length Socks | Sophisticated & Stylish,"Teal, White & Yellow Striped Ankle Socks for Men & Women","Elevate your everyday look with our Cotton Ankle Socks featuring the Elegant Stripes 1.0 design. These ankle-length socks combine a sleek stripe pattern with soft, premium cotton for unmatched comfort and sophistication. Perfect for adding a refined touch to any outfit. Shop now at Dynamocks and enjoy the perfect balance of elegance and comfort with these stylish striped ankle socks!","Step up your style with these cool teal, white & yellow striped ankle socks for men & women. Crafted from soft combed cotton, they offer a comfortable and secure fit for everyday wear. Perfect for adding a bold touch to any outfit.","Frames 1-3 show teal, white, and yellow striped ankle socks. Frame 2 highlights the 'Dynamocks' logo on the sole. Followed Path A (single pair, casual) as `PRODUCT KIND: single` was specified. Prioritized specific colors and 'striped ankle socks' (93 impressions) over generic motifs, as color and length carry the most demand (58% and 51% respectively). Included 'for Men & Women' as the most common market modifier, omitting `| Dynamocks` in the `seo_title` to meet the 60-character limit.",,,,2293,2294
NOT SCORED,,,,,,Vivid  Ankle Length Socks,https://dynamocks.us/products/127,,Red Geometric Ankle Socks for Men & Women | Dynamocks,,"Step up your style with these cool red geometric ankle socks. Featuring a vibrant red, black, and yellow pattern, these comfy socks are crafted from super-soft combed cotton for breathability and a smell-free fit. Perfect for adding a fun pop of color to any casual look for men and women.","The photographs show vivid red ankle socks with black and yellow geometric rectangular patterns, and black cuffs, heels, and toes. I am treating this as a 'single pair, casual' product (PATH A) based on the `PRODUCT KIND` and `product_type` fields. I'm prioritizing colour and length in the title, as per the data showing they account for over 50% of demand, and selecting ""Red Geometric Ankle Socks"" as the primary search phrase, incorporating ""for Men & Women"" as the most common modifier. I rejected the current product title ""Vivid Ankle Length Socks"" for being too generic and not starting with colour, and ""Artistic Step"" from tags as a merchandising label with no search volume.",,,,2599,2600
NOT SCORED,,,,,,Stripes 4.0 Ankle Length Socks: Bold Stripes for Every Step,https://dynamocks.us/products/stripes-4-0-ankle-length-socks-bold-stripes-for-every-step,,"Orange, Yellow & White Striped Ankle Socks for Men & Women | Dynamocks","Express yourself from the ground up! Stripes 4.0 Ankle Socks (Cotton Blend) boast head-turning stripes. Breathable & comfy, they're a secret weapon for stylish feet.","Step out in bold style with these fun orange, yellow, and white striped ankle socks. Crafted from breathable combed cotton for all-day comfort, these cool ankle socks are perfect for adding a pop of color to any casual outfit.","The photographs (frames 1-3) show ankle-length socks with a black base and prominent orange, yellow, and white horizontal stripes. Ignored logos in corners. This is a single, casual pair of socks (Path A). Aimed for ""Orange, Yellow & White Striped Ankle Socks"" over generic ""Bold Stripes"" to leverage specific colour and motif search demand.",,,,2605,2606
NOT SCORED,,,,,,SPRINKLES Ankle Length Cotton Socks: Fun & Colorful Comfort,https://dynamocks.us/products/sprinkles-ankle-length-cotton-socks-fun-colorful-comfort,,Blue & Yellow Sprinkle Ankle Socks for Men & Women | Dynamocks,Spice up your steps with SPRINKLES! Fun & colorful ankle socks. Breathable comfort keeps your feet happy all day. Shop now & express your sole-self!,"Step out in style with these cool blue & yellow sprinkle ankle socks. Made from soft combed cotton, they offer breathable comfort and a secure fit for men & women. Perfect for adding a fun pop to any outfit.","The photographs show a single pair of ankle-length socks that are primarily blue with yellow cuffs, heels, and toes. The pattern consists of small, multi-colored dash-like shapes resembling sprinkles or confetti. This is a single pair, casual product, so Path A is followed. Led with ""Blue & Yellow Sprinkle Ankle"" to leverage color (half of demand) and specific length (high demand), choosing ""sprinkle"" as the motif from the product's existing name and visual accuracy. Rejected ""Polka"" from tags as it doesn't match the visual pattern.",,,,2608,2609
NOT SCORED,,,,,,CROSSOVER ANKLE LENGTH SOCKS - Cotton Ankle Socks,https://dynamocks.us/products/crossover-ankle-length-socks-cotton-ankle-socks,,"Black, Green, Yellow & White Ankle Socks for Men & Women | Dynamocks",CROSSOVER ANKLE LENGTH SOCKS:  Unique crossover design meets breathable combed cotton.  Perfect for sporty style and comfort.,"Step up your style with these cool Black, Green, Yellow & White ankle socks. Their unique crossover geometric pattern makes a statement, while soft combed cotton ensures breathable comfort. Perfect for daily wear or adding a sporty touch.","The photographs show ankle-length socks with a distinct geometric, crossover pattern in black, green, yellow, and white. Frame 1 shows them in a casual, possibly golf-related setting. This is a single pair, casual product, so Path A is followed. I aimed at ""Black, Green, Yellow & White Ankle Socks for Men & Women"" because color and length are the top search drivers, and gender is the highest modifier, fitting within the character limits by prioritizing these over a specific motif in the title.",,,,2611,2612
NOT SCORED,,,,,,"JOLLY ANKLE LENGTH SOCKS - Add Cheerful Style, Cotton Ankle Socks",https://dynamocks.us/products/jolly-ankle-length-socks-add-cheerful-style-cotton-ankle-socks,,Funky Blue & Yellow Zigzag Ankle Socks for Men & Women | Dynamocks,"JOLLY ANKLE LENGTH SOCKS – Fun, festive design, soft combed cotton, breathable, and perfect for spreading some cheer.","Our Funky Blue & Yellow Zigzag Ankle Socks add a cool, cheerful style to any outfit. Crafted from soft combed cotton for breathability and a secure, stay-put fit for men and women.","The photographs show a single pair of ankle-length socks in a vibrant mix of blue, yellow, white, and purple, featuring a zigzag/lightning bolt pattern. The product data confirms 'Ankle' length and 'single' pack. Following Path A for single casual socks, I led with the prominent colours ""Blue & Yellow"" and the motif ""Zigzag"", which is specific and descriptive without being overly niche, along with the high-demand 'Ankle Socks' and 'for Men & Women'. I rejected the internal 'Jolly' title.",,,,2236,2237
NOT SCORED,,,,,,Turquoise Cotton Ankle Socks: RANGOLI Ankle Length Socks,https://dynamocks.us/products/cotton-ankle-socks-rangoli-ankle-length-socks,,"Teal, Maroon & Yellow Funky Ankle Socks for Men & Women | Dynamocks","Add vibrant style to your feet! RANGOLI Ankle Socks. Intricate design inspired by Indian art, breathable comfort, secure fit.","Step up your style with these cool ankle socks featuring a unique teal, maroon & yellow geometric pattern inspired by traditional Rangoli art. Crafted from a soft combed cotton blend, they provide breathable comfort and a secure fit for all-day wear. Perfect for adding a bold, fun touch to your everyday routine, these expressive socks are designed for both men and women.","Frames 1-3 show ankle socks with a dominant geometric diamond pattern in teal (cuff/heel/toe), maroon, yellow, and white. The product is a single, casual pair, fitting Path A. I chose ""Teal, Maroon & Yellow Funky Ankle Socks"" over a generic ""Geometric Print"" title because color and length carry the most demand, and ""funky"" is a preferred keyword, while ""geometric"" is already overused for other products.",,,,2617,2618
MODEL REFUSED,,,,,,Mooch Ankle Length Socks,https://dynamocks.us/products/140,,Colour and motif cannot be determined without product photographs.,,,"The product photographs are missing, so the specific colour and motif of these ankle socks cannot be determined visually. The internal product title 'Mooch Ankle Length Socks' and provided text attributes do not offer this information. This prevents leading with specific colours or patterns as required by search demand, as grounding (visual evidence) always outranks search volume.",,,,2623,
NOT SCORED,,,,,,SOLID MANGO ANKLE LENGTH SOCKS - Cotton Ankle Socks,https://dynamocks.us/products/solid-mango-ankle-length-socks-cotton-ankle-socks,,Mango Solid Ankle Socks for Men & Women | Dynamocks,SOLID MANGO ANKLE LENGTH SOCKS:  Add a vibrant pop of color to your style! Breathable combed cotton and a comfortable fit.,"Add a vibrant pop of color with our mango solid ankle socks. Made from soft combed cotton for breathable, all-day comfort for men & women.","The photographs clearly show solid mango-colored ankle socks. I followed PATH A for single, casual pairs. I chose ""Mango Solid Ankle Socks"" because 'mango' is a specific, high-demand color (739 impressions for `mango socks`), 'solid' is a searched term currently missing from the catalog, and 'ankle' is a high-demand length (1503 impressions for `ankle socks`). I rejected generic terms like ""colorful"" in favor of specific color and motif words that carry higher demand.",,,,2624,2625
NOT SCORED,,,,,,POP ANKLE LENGTH SOCKS - Cotton Ankle Socks,https://dynamocks.us/products/pop-ankle-length-socks-cotton-ankle-socks,,Cool Yellow & Green Star Ankle Socks for Men & Women | Dynamocks,"POP ANKLE LENGTH SOCKS – Fun, playful design, soft combed cotton, breathable, and perfect for adding a pop of personality.","Make a statement with these cool yellow and green ankle socks for men and women. Featuring a fun star pattern, crafted from soft, breathable combed cotton for all-day comfort.","The photographs show bright yellow ankle socks with a repeating dark green star pattern. Ignored tags like ""Polka"" as the images clearly show a star/X pattern. This is a single pair, so it follows Path A (single pair, casual). Chose ""Yellow & Green Star Pattern Ankle Socks"" over generic terms like ""Geometric Print"" because specific colours and length carry the majority of search demand.",,,,2402,2403
NOT SCORED,,,,,,PRIM ANKLE LENGTH SOCKS - Cotton Ankle Socks,https://dynamocks.us/products/prim-ankle-length-socks-cotton-ankle-socks,,Mango & Maroon Dotted Ankle Socks for Men & Women | Dynamocks,"PRIM ANKLE LENGTH SOCKS: Elevate your everyday style with a refined design, soft combed cotton, and a comfortable, breathable fit.","Step up your casual style with these cool Mango & Maroon Dotted Ankle Socks for men and women. Crafted from soft combed cotton, they offer breathable comfort and a fun pop of color for everyday wear.","Frames 1-3 show bright yellow (mango-like) ankle socks with scattered maroon elongated dots, with maroon heels/toes. Frame 4 is a person wearing them. Identified as a single, casual pair (Path A). Prioritized ""Mango & Maroon Dotted Ankle Socks"" due to strong demand for ""mango socks"" and ""ankle socks,"" and ""dotted"" accurately describing the unique pattern over generic ""patterned"" or incorrect ""polka.",,,,2627,2628
NOT SCORED,,,,,,Cotton Ankle Socks: Confetti Ankle Length Socks,https://dynamocks.us/products/cotton-ankle-socks-confetti-ankle-length-socks,Cotton Ankle Socks – Confetti Ankle Length Socks | Fun & Festive,Purple & Teal Fun Ankle Socks for Men & Women | Dynamocks,"Celebrate every step with our Cotton Ankle Socks featuring a playful Confetti design. These ankle-length socks add a burst of color and fun to your everyday outfits, combining a festive pattern with soft, comfortable cotton. Perfect for those who love to inject a bit of joy and excitement into their wardrobe. Shop now at Dynamocks and bring a touch of celebration to your feet with these delightful socks!","Add a burst of personality with our purple and teal confetti ankle socks. Crafted from soft combed cotton, these cool and fun ankle socks for men & women offer a comfortable, secure fit for everyday wear. Perfect for elevating any casual outfit.","Photographs show purple, teal, and yellow dots and wavy lines on ankle-length socks; frames 2-3 are lifestyle shots. Followed Path A for a single, casual pair. Chose 'Purple & Teal Fun Ankle Socks' to lead with dominant colours and the 'fun' aspect, aligning with demand for 'cool' and 'funky' socks over generic pattern names or the existing 'Confetti' motif, which is not a searched term.",,,,3000,3001
NOT SCORED,,,,,,Dark Purple & Yellow Cotton Ankle Socks: Classic Ankle Length Socks,https://dynamocks.us/products/cotton-ankle-socks-classic-ankle-length-socks,,Purple & Yellow Geometric Ankle Socks for Men & Women | Dynamocks,"Upgrade your basics with Classic Ankle Socks.  Breathable comfort, timeless style, perfect for everyday wear.","Step out in style with our fun purple & yellow geometric ankle socks. Made from soft combed cotton for all-day comfort, these cool socks add a bold splash of color to any outfit. Ideal for men and women seeking vibrant, high-quality ankle socks.","Frames 1-3 show vibrant purple and yellow ankle socks with a repeating geometric lozenge pattern. This is a single, casual product (Path A). Led with 'Purple & Yellow Geometric Ankle Socks for Men & Women' as colour and length carry the most demand (58% and 51%), and 'geometric' is a plain, accurate motif, aligning with the highest-volume search modifiers.",,,,2633,2634
NOT SCORED,,,,,,Cotton Ankle Socks: FIZZY YELLOW Ankle Length Socks,https://dynamocks.us/products/cotton-ankle-socks-fizzy-yellow-ankle-length-socks,"Fizzy Yellow Cotton Ankle Socks | Bright, Comfortable Ankle-Length Socks",Yellow Polka Dot Ankle Socks for Men & Women | Dynamocks,"Step into sunshine with the Fizzy Yellow Cotton Ankle Socks! Made from soft, breathable cotton, these ankle-length socks deliver all-day comfort and a fun pop of bright yellow. Perfect for casual wear or adding a playful twist to your outfit. Keep your feet feeling fresh and stylish with this vibrant choice from Dynamocks. Ideal for everyday use, lounging, or as a cheerful gift!","Make a statement with these funky yellow polka dot ankle socks. Crafted from soft combed cotton, they offer breathable comfort and a secure fit for men and women. Perfect for adding a bold splash of color to any casual outfit or as a fun gift.","The photographs show yellow ankle-length socks with red, blue, and green polka dots, and red cuffs, heels, and toes. Frame 1 shows them worn with jeans, confirming the casual, unisex style. This is a single pair, casual product (Path A). I chose to lead with ""Yellow Polka Dot Ankle Socks"" as colour and length carry the most demand, and ""polka dot"" is a clear, specific motif. This prioritizes real search terms over the internal ""Fizzy Yellow"" or generic ""Artistic Step.",,,,3003,3004
NOT SCORED,,,,,,Cotton Ankle Socks: SOLID GREY MELANGE Ankle Length Socks,https://dynamocks.us/products/cotton-ankle-socks-solid-grey-melange-ankle-length-socks,Solid Grey Melange Cotton Ankle Socks | Classic Comfort & Style,Gray Solid Ankle Socks for Men & Women | Dynamocks,"Step into timeless comfort with Solid Grey Melange Cotton Ankle Socks. Perfect for any occasion, these ankle-length socks offer a sleek and subtle look that complements any outfit. Made from premium, breathable cotton, they ensure all-day comfort, keeping your feet cool and fresh. Whether for work or casual wear, these versatile grey melange socks are a staple for your wardrobe. Elevate your sock game with Dynamocks’ blend of style and practicality!","Experience classic everyday comfort with our Gray Solid Ankle Socks. Crafted from soft combed cotton, these versatile grey melange socks offer a secure, stay-put fit for both men & women. Perfect as simple, stylish staples for work or casual wear.","Photographs show solid light gray ankle socks with a subtle texture; no patterns, banners, or size charts were observed. Chose Path A (single, casual) as indicated by PRODUCT KIND. Focused on 'Gray Solid Ankle Socks' for high demand on color and length, and explicit search for 'solid' and 'gray' (using American spelling for titles as preferred by the audience), rejecting specific pattern-based terms as untrue to the product.",,,,3009,3010
NOT SCORED,,,,,,SOLID GREEN ANKLE LENGTH SOCKS - Cotton Ankle Socks,https://dynamocks.us/products/solid-green-ankle-length-socks-cotton-ankle-socks,,Solid Green Ankle Socks for Men & Women | Dynamocks,"SOLID GREEN ANKLE LENGTH SOCKS:  Breathable combed cotton with a simple, vibrant green design. Perfect for everyday comfort.","Step into cool comfort with our Solid Green Ankle Socks. Made from soft combed cotton, these ankle-length socks offer a secure, stay-put fit and a bold pop of color perfect for men and women on the go.","The photographs clearly show solid green ankle-length socks, with a man wearing them in the first frame. This is a single pair, casual product, following Path A. I chose ""Solid Green Ankle Socks"" as the core phrase, incorporating ""solid"" which is a searched term currently missing from the catalog, and prioritizing ""green"" and ""ankle"" given their high search demand and the product's attributes. I chose ""Ankle"" over ""Short"" as it aligns with the product's `product_type` and `tags`, though both are high-volume.",,,,2651,2652
NOT SCORED,,,,,,SOLID AQUA ANKLE LENGTH SOCKS - Cotton Ankle Socks,https://dynamocks.us/products/solid-aqua-ankle-length-socks-cotton-ankle-socks,,Solid Turquoise Short Socks for Men & Women | Dynamocks,SOLID AQUA ANKLE LENGTH SOCKS:  Add a refreshing splash of aqua to your style! Breathable combed cotton and a comfortable fit.,Step into vibrant style with our solid turquoise short socks for men & women. Made from breathable combed cotton for all-day comfort and a flexible fit.,"The photographs show a single pair of solid, bright turquoise-colored ankle socks. Ignored frames showing size charts or merchandising items. This is a single pair, casual product (PATH A). Chose 'Solid Turquoise Short Socks' to lead with color and length, which account for 58% and 51% of demand respectively, and incorporated 'solid' as a searched motif, rejecting the generic 'Aqua' for the higher demand 'Turquoise' which is visually accurate, and using 'Short' as a high-demand synonym for 'Ankle'.",,,,2657,2658
NOT SCORED,,,,,,Cotton Ankle Socks: SOLID TEAL BLUE Ankle Length Socks,https://dynamocks.us/products/cotton-ankle-socks-solid-teal-blue-ankle-length-socks,Solid Teal Blue Cotton Ankle Socks | Bold Comfort for Everyday Wear,Cool Teal Blue Solid Ankle Socks for Men & Women | Dynamocks,"Step into style with Solid Teal Blue Cotton Ankle Socks, designed for all-day comfort and a sleek look. Made from premium breathable cotton, these ankle-length socks add a vibrant touch to your outfit while ensuring maximum durability and softness. Perfect for casual outings, work, or fitness, the bold teal blue hue is both refreshing and versatile. Elevate your sock game with Dynamocks' Solid Teal Blue socks – a perfect blend of fashion and comfort!","Cool Teal Blue Solid Ankle Socks for men and women. Crafted from breathable combed cotton, these socks offer lasting comfort and a vibrant pop of color. Secure, stay-put fit for any outfit.","Frames 1-3 show solid teal blue ankle socks. Followed Path A for a single, casual pair. Chose 'Cool Teal Blue Solid Ankle Socks' to use a preferred adjective and integrate 'solid', a searched term not yet in the catalog, while differentiating from the existing 'Solid Teal Green Ankle Socks'.",,,,3015,3016
NOT SCORED,,,,,,SOLID MAROON ANKLE LENGTH SOCKS - Cotton Ankle Socks,https://dynamocks.us/products/solid-maroon-ankle-length-socks-cotton-ankle-socks,,Maroon Solid Ankle Socks for Men & Women | Dynamocks,SOLID MAROON ANKLE LENGTH SOCKS:  Add a touch of rich maroon to your style! Breathable combed cotton and a comfortable fit.,"Discover cool maroon solid ankle socks for men & women. Made from soft combed cotton, these comfortable socks offer breathable, all-day wear.","The photographs show solid, deep maroon ankle-length socks. This is a single pair, casual product, so I followed PATH A. I chose ""Maroon Solid Ankle Socks"" because colour and length carry the most demand, and ""solid"" is a new, searched-for motif word that accurately describes the product. I rejected generic phrases like ""Cotton Comfort"" due to them being filler.",,,,2660,2661
NOT SCORED,,,,,,"Dynamocks Blue, Red & Black Striped Cotton Crew Socks – Stripes 1.0",https://dynamocks.us/products/cotton-crew-socks-stripes-1-0-crew-length-socks,,Cool Blue & Red Striped Crew Socks for Men & Women | Dynamocks,"Blue, red & black striped cotton crew socks — breathable combed cotton with a secure stretch fit for everyday wear. Dynamocks Stripes 1.0, sizes 6–12, men & women.","Make a statement with cool blue and red striped crew socks for men & women. Crafted from breathable combed cotton, they offer a secure, stay-put fit and bold style for everyday.","Frames 1-3 show crew length socks with blue, red, white, light blue, and black stripes. Followed PATH A for a single, casual pair. Focused on 'cool blue & red striped crew socks for men & women' to leverage 'cool' (preferred over 'colorful') and gender modifiers, which are high demand, over generic 'striped crew socks'.",,,,2663,2664
NOT SCORED,,,,,,Dynamocks Green Striped Cotton Crew Socks – Stripes 2.0,https://dynamocks.us/products/stripes-2-0-crew-length-socks-cotton-crew-socks,,"Teal, Black & White Striped Crew Socks for Men & Women | Dynamocks","Green striped cotton crew socks — breathable combed cotton with a secure stretch fit for everyday wear. Dynamocks Stripes 2.0, sizes 6–12, men & women.","Cool teal, black & white striped cotton crew socks for men & women. Enjoy all-day comfort and a secure, stay-put fit from breathable combed cotton.","Frames 1-3 show crew length socks with stripes in teal/mint green, dark green/black, and white. This is a single, casual pair, so Path A is followed. Led with ""Teal, Black & White Striped Crew Socks"" over the less specific ""Green Striped"" to better reflect the visual and differentiate from existing titles. Chose colour, motif, and length which carry high demand.",,,,2666,2667
NOT SCORED,,,,,,Dynamocks Bold Striped Cotton Crew Socks – Stripes 3.0,https://dynamocks.us/products/stripes-3-0-crew-length-socks-cotton-crew-socks,,Maroon & Mint Striped Crew Socks for Men & Women,"Bold striped cotton crew socks — a classic striped pattern in breathable combed cotton with a secure fit. Dynamocks Stripes 3.0, sizes 6–12, men & women.",Add a pop of color with these cool maroon & mint striped crew socks. Crafted from breathable combed cotton for all-day comfort and a secure fit for men and women.,"Frames 1-3 show maroon, mint green, and white striped crew socks. This is a single pair, casual product (Path A). Optimized for high colour demand and 'striped crew socks' search terms by highlighting the primary colours: Maroon & Mint.",,,,2239,2240
NOT SCORED,,,,,,Dynamocks Bold Striped Cotton Crew Socks – Stripes 5.0,https://dynamocks.us/products/cotton-crew-socks-stripes-5-0-crew-length-socks,,"Cool Blue, Yellow & Red Striped Crew Socks for Men & Women | Dynamocks","Bold striped cotton crew socks — a classic striped pattern in breathable combed cotton with a secure fit. Dynamocks Stripes 5.0, sizes 6–12, men & women.","Cool Blue, Yellow & Red Striped Crew Socks for Men & Women. Enjoy soft, breathable combed cotton and a secure, stay-put fit from Dynamocks.","Frames 1-3 show vibrant blue, yellow, red, pink, and grey striped crew socks. This is a single pair, casual product (Path A). I'm prioritizing ""Cool Blue, Yellow & Red Striped Crew Socks"" which captures primary colours, pattern, and length, aligning with high search demand while rejecting less specific terms like ""Bold Striped"" and internal codes like ""Stripes 5.0"".",,,,2320,2321
NOT SCORED,,,,,,Dynamocks Black & White Striped Cotton Crew Socks – Stripes 6.0,https://dynamocks.us/products/stripes-6-0-crew-length-socks-cotton-crew-socks,,Cool Black & White Striped Crew Socks for Men & Women | Dynamocks,"Black & white striped cotton crew socks — breathable combed cotton with a secure stretch fit for everyday wear. Dynamocks Stripes 6.0, sizes 6–12, men & women.","Cool black and white striped crew socks featuring vibrant teal and orange accents. Made from breathable combed cotton for a secure, stay-put fit, these versatile socks are perfect for men & women.","The photographs show black, white, teal, and orange striped crew socks. Frame 1 shows them worn with dress shoes, frames 2-3 are product shots/casual wear. No banners or size charts to ignore. Selected PATH A (single pair, casual) as the product is a single pair and the style is versatile for both casual and dressy wear, rather than explicitly 'dress socks'. Aimed at 'Cool Black & White Striped Crew Socks for Men & Women' as colour and length carry the most demand (58% and 51% respectively), and 'cool' outperforms 'colorful'. Rejected the internal codename 'Stripes 6.0' due to low search volume for specific patterns.",,,,2669,2670
NOT SCORED,,,,,,Dynamocks Bold Striped Cotton Crew Socks – Stripes 7.0,https://dynamocks.us/products/stripes-7-0-crew-length-socks-cotton-crew-socks,,Blue & Teal Striped Crew Socks for Men & Women | Dynamocks,"Bold striped cotton crew socks — a classic striped pattern in breathable combed cotton with a secure fit. Dynamocks Stripes 7.0, sizes 6–12, men & women.","Cool blue & teal striped crew socks by Dynamocks. Breathable combed cotton for a secure, stay-put fit. Comfortable crew length socks for men & women.","Frames 1-3 show horizontal stripes in shades of blue, teal, aqua, and white on crew length socks. Chose Path A (single pair, casual) as per the product kind. Led with ""Blue & Teal Striped Crew Socks"" for colour, motif, and length, aligning with high search demand for colour (58%) and length (58%), and preferring ""cool"" over generic adjectives.",,,,2311,2312
NOT SCORED,,,,,,Dynamocks Black & Multicolor Striped Cotton Crew Socks – Stripes 9.0,https://dynamocks.us/products/stripes-9-0-crew-length-cotton-socks-bold-stripes-for-your-feet,,Black & Multi-color Striped Crew Socks for Men & Women | Dynamocks,"Black & multicolor striped cotton crew socks — breathable combed cotton with a secure stretch fit for everyday wear. Dynamocks Stripes 9.0, sizes 6–12, men & women.","Step out in style with these cool black and multi-color striped crew socks. Designed for men & women, their soft combed cotton offers a breathable, stay-put fit, perfect for adding a bold, fun touch to any outfit, from casual to dressy.","Frames 1-3 show black crew socks with bright, thin horizontal stripes in red, yellow, green, white, blue, and teal. Frame 2 is a product shot. This is a single, casual pair, so Path A applies. Led with ""Black & Multi-color Striped Crew"" as colour and length are top demand, and ""striped"" is clearly shown. Rejected specific colour listing for conciseness and to capture all bright colours.",,,,2323,2324
NOT SCORED,,,,,,Dynamocks Olive Green Striped Cotton Crew Socks – Bold Stripes 1.0,https://dynamocks.us/products/cotton-crew-socks-bold-stripes-1-0-crew-length-socks,,Neon Green Striped Crew Socks for Men & Women | Dynamocks,"Olive green striped cotton crew socks — breathable combed cotton with a secure stretch fit for everyday wear. Dynamocks Bold Stripes 1.0, sizes 6–12, men & women.","Cool neon green and dark green striped crew socks for men & women. Crafted from breathable combed cotton, they offer all-day comfort and a secure, stay-put fit.","Frames 1 & 3 show socks worn with dress shoes and trousers; frame 2 is a product shot. The socks feature bold neon green and dark green horizontal stripes at crew length. Following Path A for single, casual socks, I aimed for 'Neon Green Striped Crew Socks for Men & Women' due to demand for 'neon green socks' (301 impressions) and 'striped ankle socks' (93 impressions, adapting length to crew). I rejected 'Olive Green' as inaccurate based on the vibrant colour in the photos, and the internal merchandising label 'Bold Stripes 1.0' for zero search value.",,,,2678,2679
NOT SCORED,,,,,,Dynamocks Yellow & Navy Striped Cotton Crew Socks – Bold Stripes 2.0,https://dynamocks.us/products/cotton-crew-socks-bold-stripes-2-0-crew-length-socks,,Yellow & Navy Striped Crew Socks for Men & Women | Dynamocks,"Yellow & navy blue striped cotton crew socks — breathable combed cotton with a secure stretch fit. Dynamocks Bold Stripes 2.0, sizes 6–12, men & women.","Cool Yellow & Navy striped crew socks for men & women. Crafted from soft combed cotton for superior breathability and a secure, stay-put fit that lasts all day. A bold and fun choice for everyday wear.","Frames 1-3 show striped crew socks. Per the owner's note, the product is Yellow & Navy, not black. Chosen path A for a single pair, casual socks. Led with 'Yellow & Navy Striped Crew Socks for Men & Women' as colour, pattern, length, and gender are key search terms that carry traffic.",,,,2390,2391
NOT SCORED,,,,,,Dynamocks Teal & Mango Striped Cotton Crew Socks – Stripes Duo 1.0,https://dynamocks.us/products/stripes-duo-1-0-crew-length-socks-cotton-crew-socks,,Teal & Yellow Striped Crew Socks for Men & Women | Dynamocks,"Teal blue & mango two-tone striped cotton crew socks — breathable combed cotton with a secure stretch fit. Dynamocks Stripes Duo 1.0, sizes 6–12, men & women.",Step out in cool teal & yellow striped crew socks for men & women. Made from soft combed cotton for breathability and all-day comfort with a stay-put fit.,"Frames 1-3 show a single pair of crew socks with distinct teal blue sections and bright yellow/orange horizontal stripes on a teal background. Path A (single pair, casual) was chosen. Led with ""Teal & Yellow Striped Crew Socks for Men & Women"" as colour (58%) and length (15%) are high demand, and gender is the biggest modifier. Rejected the product's internal 'Mango' colour description in favour of 'Yellow' based on visual grounding and broader search appeal, and dropped the internal model name 'Stripes Duo 1.0'.",,,,2684,2685
NOT SCORED,,,,,,Dynamocks Navy & Green Striped Cotton Crew Socks – Stripes Duo 3.0,https://dynamocks.us/products/191,,Neon Green & Blue Striped Crew Socks for Men & Women | Dynamocks,"Navy blue & light green two-tone striped cotton crew socks — breathable combed cotton with a secure stretch fit. Dynamocks Stripes Duo 3.0, sizes 6–12, men & women.","Stand out with cool neon green & blue striped crew socks. Made from soft combed cotton, these breathable socks offer a secure, stay-put fit for both men & women. Perfect for adding a fun, bold pop of color to any look.","Frames 1-3 show a pair of crew socks with bright neon green and royal blue stripes. Frame 1 shows them on legs among books, frame 2 is a product shot, and frame 3 shows them on legs on a chair. The blue is a distinct royal blue, not navy as implied by the existing title. This is a single pair, following Path A (casual). Chose ""Neon Green & Blue Striped Crew Socks"" to reflect the actual colours in the photograph, prioritizing ""neon green"" which has relevant search volume (219 impressions) and distinguishes it from generic ""green.",,,,2690,2691
NOT SCORED,,,,,,Dynamocks Olive & Orange Striped Cotton Crew Socks – Stripes Duo 4.0,https://dynamocks.us/products/stripes-duo-4-0-crew-length-socks-bold-stripes-cotton-crew-socks,,Olive & Orange Striped Crew Socks for Men & Women | Dynamocks,"Olive & orange two-tone striped cotton crew socks — breathable combed cotton with a secure stretch fit for everyday wear. Dynamocks Stripes Duo 4.0, sizes 6–12, men & women.","Bold olive & orange striped crew socks crafted from breathable combed cotton. Offers a secure, stay-put fit for men & women, adding a cool touch to everyday style.","Photographs show a single pair of olive green and orange striped crew socks. Followed PATH A for single, casual products. Prioritized 'Olive & Orange' and 'Striped' as colour and length carry the most demand (58% and 51% respectively), over less specific pattern descriptions.",,,,2693,2694
NOT SCORED,,,,,,Dynamocks Turquoise & Blue Geometric Cotton Crew Socks – Sublime 1.0,https://dynamocks.us/products/sublime-1-0-crew-length-socks-cotton-crew-socks,,Cool Turquoise & Blue Plaid Crew Socks for Men & Women,"Turquoise & blue geometric cotton crew socks — soft breathable combed cotton with a secure fit. Dynamocks Sublime 1.0, sizes 6–12, men & women.","Cool turquoise & blue plaid crew socks in soft, breathable combed cotton. Designed for a secure, stay-put fit for men & women. Add a fun, stylish touch to any outfit.","Frames 1, 3, 4 show cool turquoise, blue, and white plaid crew socks worn by men; frame 2 is a product shot. Chose PATH A (single pair, casual). Aimed at 'cool turquoise & blue plaid crew socks' over the generic 'geometric' motif from the internal name, because grounding beats search volume and the pattern is clearly plaid/checkered.",,,,2696,2697
NOT SCORED,,,,,,Dynamocks Purple Geometric Cotton Crew Socks – Sublime 2.0,https://dynamocks.us/products/sublime-2-0-crew-length-socks-cotton-crew-socks,,Purple & White Geometric Crew Socks for Men & Women | Dynamocks,"Purple geometric cotton crew socks — soft breathable combed cotton with a secure fit. Dynamocks Sublime 2.0, sizes 6–12, men & women.","Step up your style with these purple and white geometric crew socks. Made from soft, breathable combed cotton for a comfortable, stay-put fit. Fun and cool socks for men & women.","The photographs show purple and white geometric/checkerboard crew socks. This is a single, casual pair, so I followed PATH A. I chose ""Purple & White Geometric Crew Socks"" because colour and length carry the most search demand, and ""geometric"" is a plain, descriptive motif. I rejected more abstract motif names to prioritize clarity and search volume.",,,,2699,2700
NOT SCORED,,,,,,Dynamocks Blue Geometric Cotton Crew Socks – Sublime 4.0,https://dynamocks.us/products/sublime-4-0-crew-length-socks-cotton-crew-socks,,Blue & White Checkerboard Crew Socks for Men & Women | Dynamocks,"Blue geometric cotton crew socks — soft breathable combed cotton with a secure fit. Dynamocks Sublime 4.0, sizes 6–12, men & women.","Step out in style with these cool blue & white checkerboard crew socks. Made from soft, breathable combed cotton, they offer all-day comfort and a secure, stay-put fit for men & women.","Photographs show navy, light blue, and white rectangular checkerboard crew socks. Frames 2-3 show them worn with dress shoes and casual attire. Following Path A for a single, casual product (`product_type: Crew`), I chose ""Blue & White Checkerboard Crew Socks"" to prioritize colour and a specific motif over generic ""geometric,"" aiming for high-demand terms and uniqueness from existing titles.",,,,2702,2703
NOT SCORED,,,,,,Dynamocks Green Cotton Crew Socks – Solid,https://dynamocks.us/products/cotton-crew-socks-solid-green-crew-length-socks,,Cool Green Solid Crew Socks for Men & Women | Dynamocks,"Solid green cotton crew socks — a bold fresh colour in breathable combed cotton with a secure fit. Dynamocks, sizes 6–12, men & women.","Step out in cool green solid crew socks for men and women. Made from soft combed cotton, these breathable crew socks offer a bold look and a secure, stay-put fit for all-day comfort.","Frames 1 and 3 show vivid green, ribbed crew socks. Frame 2 confirms 'Solid' on the tag. Followed Path A (single pair, casual) because `PRODUCT KIND: single` and product type is 'Crew'. Aimed for ""Cool Green Solid Crew Socks"" over ""Neon Green"" to avoid conflict with an already taken title, while still capturing the vibrant color and preferring 'cool' as per guidance. Chose 'Solid' as the motif and included 'for Men & Women' as the primary modifier.",,,,2711,2712
NOT SCORED,,,,,,Dynamocks Orange Cotton Crew Socks – Solid,https://dynamocks.us/products/solid-orange-crew-length-socks-cotton-crew-socks,,Bold Orange Solid Crew Socks for Men & Women | Dynamocks,"Solid orange cotton crew socks — a bold vibrant colour in breathable combed cotton with a secure fit. Dynamocks, sizes 6–12, men & women.","Add a bold pop of color with these orange solid crew socks for men & women. Made from soft combed cotton for a breathable, comfortable fit that stays up all day.","Frames 1-3 show solid orange, ribbed crew length socks. Frame 3 shows them styled with dress shoes, but the product data indicates 'single' and 'crew' for 'men & women', categorizing it as Path A (casual). Chose ""Bold Orange Solid Crew Socks"" to lead with colour and motif, using 'bold' as a preferred alternative to 'colorful' and to differentiate from existing 'Cool' solid titles, targeting 'orange socks' and 'solid' searches.",,,,2714,2715
NOT SCORED,,,,,,Dynamocks Royal Blue Cotton Crew Socks – Solid,https://dynamocks.us/products/solid-royal-blue-crew-length-socks-cotton-crew-socks,,Cool Royal Blue Solid Crew Socks for Men & Women | Dynamocks,"Solid royal blue cotton crew socks — a rich classic colour in breathable combed cotton with a secure fit. Dynamocks, sizes 6–12, men & women.","Vibrant royal blue solid crew socks with a stay-put fit. Made from soft combed cotton, these breathable cotton crew socks offer comfort and style for men & women, sizes 6-12.","The photographs show royal blue, ribbed (which counts as 'solid' for motif in search terms) crew socks. Frame 2 shows them worn with business attire, highlighting versatility but the product kind is 'single'. Following Path A for single pair, casual. Chose ""Cool Royal Blue Solid Crew Socks"" for titles, integrating the preferred ""cool"" adjective and ""solid"" motif that is searched for, over just ""Royal Blue Crew Socks"" to distinguish from similar products.",,,,2720,2721
NOT SCORED,,,,,,Dynamocks Teal Green Cotton Crew Socks – Solid,https://dynamocks.us/products/solid-teal-green-crew-length-cotton-socks-a-refreshing-statement,,Cool Teal Green Solid Crew Socks for Men & Women | Dynamocks,"Solid teal green cotton crew socks — a cool refreshing colour in breathable combed cotton with a secure fit. Dynamocks, sizes 6–12, men & women.","Cool teal green solid crew socks in breathable combed cotton. Enjoy a secure, stay-put fit with these comfortable crew length socks for men & women.","Frames 1-3 clearly show solid teal green crew socks with a subtle ribbed texture. This is a single, casual pair, so Path A was chosen. Led with 'Teal Green Solid Crew Socks' because colour and length carry the majority of search demand, 'solid' is a searched term for this style and fits the product, and the existing product title was failing to earn clicks despite impressions.",,,,2723,2724
NOT SCORED,,,,,,Dynamocks Maroon Cotton Crew Socks – Solid,https://dynamocks.us/products/cotton-crew-socks-solid-maroon-crew-length-socks,,Maroon Solid Crew Socks for Men & Women | Dynamocks,"Solid maroon cotton crew socks — a rich classic colour in breathable combed cotton with a secure fit. Dynamocks, sizes 6–12, men & women.","Add a classic touch with these maroon solid crew socks for men & women. Made from soft combed cotton, they offer breathable comfort and a secure, stay-put fit for all-day wear.","The photographs show a solid maroon, ribbed crew sock worn by a man with dress shoes, and two standalone pairs. The product data confirms 'Maroon', 'Crew Length', 'Solid', and 'pack of 1'. This is a 'single pair, casual' product. Chose 'Maroon Solid Crew Socks' to lead with colour and motif, as 'solid' is a searched term that doesn't appear in the catalog, and colour is half of all search demand. Aimed at 'maroon socks' (739 impressions) and 'cotton crew socks' (51 impressions).",,,,2729,2730
NOT SCORED,,,,,,Dynamocks Aqua Cotton Crew Socks – Solid,https://dynamocks.us/products/solid-aqua-crew-length-socks-cotton-crew-socks,,Cool Aqua Ribbed Crew Socks for Men & Women | Dynamocks,"Solid aqua cotton crew socks — a cool refreshing colour in breathable combed cotton with a secure fit. Dynamocks, sizes 6–12, men & women.","Step out in cool aqua ribbed crew socks for men & women. Made from soft combed cotton, these breathable and comfortable socks offer a secure fit for everyday style.","Frames 1-3 clearly show vibrant aqua-colored, ribbed crew socks. This is a single pair, so followed Path A. Prioritized 'Cool Aqua Ribbed Crew Socks for Men & Women' to accurately describe the visual texture (ribbed, not smooth solid) and combine high-demand elements: preferred 'cool' adjective, colour, length, and gender.",,,,2735,2736
NOT SCORED,,,,,,Dynamocks Anthracite Grey Cotton Crew Socks – Solid,https://dynamocks.us/products/cotton-crew-socks-solid-antra-crew-length-socks,,Gray Striped Combed Cotton Dress Socks for Men & Women | Dynamocks,"Solid anthracite grey cotton crew socks — a sleek dark neutral in breathable combed cotton with a secure fit. Dynamocks, sizes 6–12, men & women.","Step into sophistication with our gray striped combed cotton dress socks for men & women. Featuring a sleek dark neutral in breathable, soft combed cotton, designed for a secure, stay-put fit. Perfect for any formal occasion or everyday style.","The photographs show a pair of grey ribbed socks with distinct dark grey vertical stripes. The second image shows them worn with dress shoes, suggesting a formal context. The owner note confirms ""solid grey with dark grey vertical stripes"". Despite `PRODUCT KIND: single`, the style (vertical stripes, ribbed texture), material (combed cotton), and ""stay-put fit"" copy align this product with Path C (dress and formal). Chose to lead with ""Gray Striped Combed Cotton Dress Socks"" as colour, pattern, and material are high-demand elements for this segment, and ""dress socks"" explicitly addresses the product type for improved visibility. The product's `body description` states ""for men and women"", so ""for Men & Women"" is used to avoid inventing facts.",,,,2351,2352
NOT SCORED,,,,,,"Cotton Crew Length Socks Combo: Blue, Aqua, Teal Green, Purple Unique Solid Color - 100% Combed Cotton",https://dynamocks.us/products/cotton-crew-socks-blue-aqua-teal-green-purple,"Cotton Crew Socks Combo: Blue, Aqua, Teal Green, Purple – Vibrant Comfort for Every Day",4-Pair Cool Cotton Solid Crew Socks for Men & Women | Dynamocks,"Add a pop of color to your wardrobe with the Cotton Crew Socks Combo in Blue, Aqua, Teal Green, and Purple. These vibrant and stylish crew-length socks are crafted from soft, breathable cotton for ultimate comfort. Perfect for both men and women, these unisex socks offer a snug fit and a refreshing look, whether you're dressing up or down. Ideal for daily wear, this color-packed combo is your go-to for a blend of comfort, durability, and style. ","Refresh your everyday style with this 4-pair pack of cool, solid cotton crew socks. Crafted from 85% cotton for all-day breathability, they feature comfortable ribbed textures in shades of blue, aqua, teal green, and purple. Perfect for men and women seeking versatile and comfortable socks for daily wear.","Photographs show four pairs of solid, ribbed, crew-length socks in blue, aqua, teal green, and purple. Frames 2 and 3 confirm crew length and ribbed texture. This is a multipack, as stated in `PRODUCT KIND`, but the photos do not show a gift box. Chose ""4-Pair Cool Cotton Solid Crew Socks"" to align with multipack search patterns and prioritize ""cool"" over ""colorful"" and ""solid"" as a motif.",,,,3021,3022
NOT SCORED,,,,,,"Designer Cotton Crew Socks Gift Combo: Bubbles, Pizzazz, Maze, Bolt Geometric Colorful Design",https://dynamocks.us/products/cotton-crew-socks-bubbles-pizzazz-maze-bolt,"Cotton Crew Socks Combo: Bubbles, Pizzazz, Maze, Bolt – Unique & Stylish Comfort",4-Pair Funky Patterned Cotton Crew Sock Gift Set for Men & Women | Dynamocks,"Step up your sock game with our Cotton Crew Socks Combo featuring Bubbles, Pizzazz, Maze, and Bolt designs. Perfect for both men and women, these unisex socks offer a stylish crew-length fit that combines comfort and flair. Made from soft, breathable cotton, they ensure all-day comfort whether you're at work or play. The vibrant patterns add a playful touch to any outfit, making them a must-have accessory for fashion-forward individuals. Elevate your everyday style and keep your feet cozy with this fun sock combo!","Step up your style with this 4-pair Funky Patterned Cotton Crew Sock Gift Set. Featuring cool, vibrant designs like lightning bolts, waves, and abstract shapes, these soft cotton blend socks offer breathable comfort for men and women. Make a bold statement or give the perfect funky gift.","Photographs show four distinct pairs of patterned crew socks: abstract shapes, geometric, waves, and lightning bolts. Frame 1 clearly displays all four pairs. Selected Path B (multipack) based on `PRODUCT KIND` and the `Pack of 4` tag. Chose '4-Pair Funky Patterned Cotton Crew Sock Gift Set for Men & Women' over naming individual motifs (`Bubbles`, `Pizzazz`, `Maze`, `Bolt`) because specific pattern words are low demand (2.5%), and 'Funky' and 'Gift Set' align with higher-demand search modifiers and terms. Material composition of 85% Cotton is included truthfully.",,,,3024,3025
NOT SCORED,,,,,,"Cotton Crew Socks Combo: Happy Leaf, Polka, Lemon, Mooch",https://dynamocks.us/products/cotton-crew-socks-happy-leaf-polka-lemon-mooch,"Cotton Crew Socks Combo: Happy Leaf, Polka, Lemon, Mooch – Fun & Comfortable",4-Pair Novelty Cotton Crew Sock Gift Set for Men & Women | Dynamocks,"Step into playful style with the Cotton Crew Socks Combo featuring Happy Leaf, Polka, Lemon, and Mooch designs. Enjoy breathable comfort with a cotton-rich blend for all-day freshness. Perfect for adding a whimsical touch to your wardrobe!","Explore this 4-pair novelty cotton crew sock gift set, a vibrant collection of cool, funky designs for men and women. This cotton crew socks bundle offers breathable comfort with its rich blend and features unique playful patterns. Perfect for gifting or brightening everyday wear.","The photographs clearly show a 4-pair set of brightly colored crew socks with distinct novelty patterns: cannabis leaves, dragon fruit-like shapes, lemons, and mustaches. Selected the multipack path as explicitly stated in the product data. Chose ""novelty cotton crew sock gift set"" over specific pattern names like ""Happy Leaf, Polka, Lemon, Mooch"", as individual motifs have no search volume and generic family words like ""novelty"" are recommended for multipacks. The product material is 85% Cotton from the composition field, ignoring the body description's erroneous mention of polyester.",,,,3027,3028
NOT SCORED,,,,,,"Cotton Crew Socks Combo: Pizzazz, Cube, Prism, Sprinkles",https://dynamocks.us/products/cotton-crew-socks-pizzazz-cube-prism-sprinkles,,4-Pair Funky Patterned Crew Sock Gift Set for Men & Women | Dynamocks,"Tired of boring socks? Explore our Cotton Crew Socks Combo featuring the quirky Pizzazz, Cube, Prism, Sprinkles designs. Fun and comfy for everyday wear.","Surprise them with a 4-pair set of bold, funky patterned crew socks. Perfect as a gift or to elevate your everyday style. Made with a comfortable, breathable cotton blend for men & women.","The images show four pairs of crew socks, each with distinct, bold, abstract, or geometric patterns in various colors (orange, yellow, purple, teal; black, white, blue, orange; yellow, purple, black, blue; blue, yellow, green, orange). The listing data confirms ""Pack of 4"" and ""Crew Length"" with a ""gift"" tag. This is a multipack product, so Path B is followed. Chose ""Funky Patterned Crew Sock Gift Set"" as the family word and descriptor, rejecting individual pattern names like Pizzazz and Cube because they have no search volume and are forbidden in multipack titles.",,,,2741,2742
NOT SCORED,,,,,,Designer Cotton Crew Socks Combo: Set of 4 Gift Box,https://dynamocks.us/products/cotton-crew-socks-retro-grill-sc-orange-sc-green,,4-Pair Funky Patterned Crew Sock Gift Box for Men & Women | Dynamocks,"Add a touch of retro style and vibrant colors to your feet! Cotton crew socks with unique Retro, Grill, SC. Orange, SC. Green designs. Breathable comfort, standout style.",Discover cool style with this 4-pair funky patterned crew sock gift box. Features vibrant designs and a breathable cotton blend for all-day comfort. The perfect gift set for men & women.,"The photographs show four distinct pairs of crew-length socks. One pair features an orange and teal abstract oval pattern with purple accents, another is teal and white geometric, a third is solid ribbed orange, and the fourth is solid ribbed green. There are no banners or size charts to ignore. This product is clearly a multipack, following Path B. I aimed for the `<N>-Pair <Family> Sock Gift Set for Men` structure, adapting for ""for Men & Women"" as the catalog's general default. Chose ""Funky Patterned"" as the family word to truthfully represent the mixed designs (abstract, geometric, solid vibrant colors) and align with the preference for ""funky"" over ""colorful"" from search demand. Rejected naming individual patterns (Retro, Grill, etc.) as per Path B instructions for multipacks.",,,,2744,2745
NOT SCORED,,,,,,"Cotton Crew Socks Combo: Stripes DUO 2.0, Stripes DUO 3.0, X-3, X-4",https://dynamocks.us/products/cotton-crew-socks-stripes-duo-2-0-3-0-x-3-x-4,,4-Pair Bold Striped Crew Sock Gift Set for Men & Women | Dynamocks,"Upgrade your sock game with modern stripes and unique designs! Cotton crew socks with Stripes DUO 2.0/3.0, X-3, X-4. Breathable comfort, contemporary style.","Unbox cool everyday style with this 4-pair gift set of bold striped crew socks for men & women. Crafted from breathable, soft cotton for all-day comfort, these funky patterns make a perfect gift.","The photographs show four distinct pairs of crew-length striped socks in yellow/purple, blue/green, black/orange/white, and black/green/white colorways. This is a multipack, as confirmed by `PRODUCT KIND: multipack` and `tags: Pack of 4`. I chose Path B, a multipack gift set, and aimed for ""4-Pair Bold Striped Crew Sock Gift Set for Men & Women"" over the ""Cool Striped"" or ""Funky Patterned"" phrases that are already taken. ""Bold"" is a preferred adjective, and ""striped"" accurately describes the motif while ""gift set"" aligns with common multipack searches.",,,,2750,2751
NOT SCORED,,,,,,"Cotton Ankle Socks Combo: Beer, Cutting Chai, Banana, Lemons, Sprinkles, SSU Designs",https://dynamocks.us/products/cotton-ankle-socks-beer-banana," Cotton Ankle Socks Combo – Beer, Cutting Chai, Banana, Lemons & More.",6-Pair Fun Ankle Socks Gift Set for Men & Women | Dynamocks,"Add some fun to your wardrobe with the Cotton Ankle Socks Combo featuring Beer, Cutting Chai, Banana, Lemons, Sprinkles, and SSU Designs. These quirky and comfy socks bring playful designs to your everyday look, offering a perfect blend of style and comfort. Ideal for those who love a mix of creativity and coziness. Shop now at Dynamocks and make your sock game as fun as your personality!","Add a burst of personality to your wardrobe with this 6-pair gift set of fun novelty ankle socks. Crafted from soft, breathable cotton, these cool socks feature unique designs like beer mugs, chai glasses, bananas, lemons, sprinkles, and fried eggs. Offering all-day comfort and lasting wear for men & women, they're perfect for everyday wear or as a quirky gift.","The photographs show six distinct pairs of ankle socks, each with a unique novelty design (beer mugs, chai glasses, bananas, lemons, sprinkles, fried eggs) and a variety of vibrant colors. The product is explicitly a multipack of 6 pairs. Chose Path B and aimed for '6-Pair Fun Ankle Socks Gift Set' to leverage high search demand for pack count, 'fun' designs, and 'gift set' for men & women, while avoiding specific motif names in the title as per guidance for multipacks.",,,,3030,3031
NOT SCORED,,,,,,"Cotton Ankle Socks Combo: Pizzazz, Cube, Prism, Doodle, Sprinkles, Mayan",https://dynamocks.us/products/pizzazz-cube-prism-doodle-sprinkles-mayan,"Cotton Ankle Socks Combo – Pizzazz, Cube, Prism, Doodle, Sprinkles & Mayan | Fun & Vibrant",6-Pair Funky Patterned Ankle Socks Gift Set for Men & Women | Dynamocks,"Inject some fun into your sock drawer with the Cotton Ankle Socks Combo featuring Pizzazz, Cube, Prism, Doodle, Sprinkles, and Mayan designs. This vibrant pack offers a playful mix of patterns and colors, perfect for adding a splash of creativity to your everyday outfits. Ideal for those who love lively, stylish comfort. Shop now at Dynamocks and enjoy the perfect blend of unique patterns and cozy wear!","Discover our 6-pair Funky Patterned Ankle Socks Gift Set for men & women. These cool, vibrant cotton ankle socks feature unique geometric designs. Perfect for everyday comfort or a fun gift.","The images show 6 distinct pairs of brightly colored ankle socks with geometric and abstract patterns. This is a multipack (Path B), confirmed by the product data and tags ('Pack of 6', 'Combo'). Chose 'Funky Patterned Ankle Socks Gift Set' over specific motif names like 'Pizzazz' or 'Cube', as multipacks should use generic family words and these specific names have no search volume. Focused on pack count, 'funky', 'patterned', 'ankle socks', and 'gift set' keywords, which carry high search demand for multipacks.",,,,3036,3037
NOT SCORED,,,,,,"Cotton Ankle Socks Combo: Yinyang, Polka, Neon, Confetti, Prism, Jolly",https://dynamocks.us/products/yinyang-polka-neon-confetti-prism-jolly,"Cotton Ankle Socks Combo – Yinyang, Polka, Neon, Confetti, Prism & Jolly | Fun & Vibrant",6-Pair Cool Patterned Ankle Socks Gift Set for Men & Women | Dynamocks,"Step up your sock style with the Cotton Ankle Socks Combo featuring Yinyang, Polka, Neon, Confetti, Prism, and Jolly designs. This lively pack offers a mix of playful patterns and bold colors, perfect for adding a splash of fun and energy to your everyday outfits. Ideal for those who love creative and eye-catching fashion. Shop now at Dynamocks and enjoy a burst of vibrant style with these must-have socks!",Unbox fun with this 6-pair gift set of cool patterned ankle socks for men & women. Each pair features bold designs and soft cotton for all-day comfort and standout style.,"The photographs show 6 distinct pairs of ankle-length socks with various colourful and bold patterns including abstract geometric, novelty (Yin-Yang, papaya-like shapes), and zigzag designs. Frame 1 is a composite of all 6 pairs; frames 2-3 show individual pairs on feet. This is a multipack product. Chose Path B for multipacks, prioritizing the ""6-Pair Gift Set"" and a generic family word like ""Cool Patterned"" over individual design names, as per instructions for multipack titles. Aimed for ""ankle socks"" which has high search demand, and ""cool"" which is preferred over ""colorful.",,,,3039,3040
NOT SCORED,,,,,,"Cotton Ankle Socks Combo: Purple, Teal Blue, Maroon, Green",https://dynamocks.us/products/cotton-ankle-socks-purple-teal-maroon-green,,4-Pair Fun Solid Ankle Sock Gift Set for Men | Dynamocks,"Add a pop of color to your wardrobe with our Cotton Ankle Socks Combo! Purple, Teal Blue, Maroon, Green designs. Soft cotton blend for everyday comfort.","Brighten any wardrobe with this 4-pair collection of fun ankle socks. Featuring purple, teal, maroon, and green, these cool cotton-blend socks offer everyday comfort for men and women.","Photographs clearly show four pairs of solid ankle socks in maroon, purple, teal blue, and green. Images 2-3 show models wearing individual pairs, while image 1 displays the full set. No banners or size charts were present. Chosen Path B (multipack) due to the product kind and tag of 'gift'. The SEO title aims for ""4-Pair Fun Solid Ankle Sock Gift Set for Men"", prioritizing generic family descriptors and the 'gift set' modifier as per Path B guidelines for multipacks, while integrating preferred adjectives like ""Fun"" and ""Solid"" over specific pattern names. The product title lists the specific colors for human readability as the primary differentiator for a collection like this.",,,,2753,2754
NOT SCORED,,,,,,"Cotton Ankle Socks Combo: Bold 1.0, Bold 3.0, Sub 3.0, Sub 4.0",https://dynamocks.us/products/cotton-ankle-socks-bold-1-0-bold-3-0-sub-3-0-sub-4-0,,4-Pair Funky Patterned Ankle Sock Gift Set for Men | Dynamocks,"Upgrade your sock drawer with Cotton Ankle Socks! Bold 1.0, Bold 3.0, Sub 3.0, & Sub 4.0 designs. Soft cotton blend, perfect for everyday comfort.","Surprise him with this 4-pair funky patterned ankle sock gift set for men. Featuring bold stripes and eye-catching checkered designs in a breathable cotton blend, these cool socks are perfect for adding flair to any outfit or for everyday comfort.","Photographs show four distinct pairs of ankle socks with bold, multi-color striped and checkered patterns (black/blue/white checkered, green/lime striped, light blue/maroon striped, black/red/white checkered). Image 2 shows a gift box. Identified as a multipack gift set, following PATH B. Aimed for ""4-Pair Funky Patterned Ankle Sock Gift Set for Men"" over listing individual colors or pattern names, as pack count leads demand for gift sets and ""funky"" is a preferred adjective over ""colorful"".",,,,2405,2406
NOT SCORED,,,,,,"Cotton Ankle Socks Combo: Plush, Classic, Tides, Arrows Designs",https://dynamocks.us/products/plush_classic_tides_arrows,"Cotton Ankle Socks Combo – Plush, Classic, Tides & Arrows Designs | Stylish & Comfortable",4-Pair Funky Patterned Ankle Sock Gift Box for Men & Women | Dynamocks,"Upgrade your sock game with the Cotton Ankle Socks Combo featuring Plush, Classic, Tides, and Arrows designs. This combo offers a blend of elegant and modern patterns, combining comfort with style. Perfect for those who value both fashion and function in their everyday wear. Shop now at Dynamocks and enjoy the perfect mix of sophistication and coziness with these versatile socks!","Discover our 4-pair Funky Patterned Ankle Sock Gift Box for men and women. Made with soft cotton, these cool ankle socks feature unique designs in vibrant colors like green, teal, blue, and purple. Perfect for gifting or refreshing your everyday style.","The photographs show four distinct pairs of ankle socks with varying colors (dark green, teal, blue, purple) and small, repeating patterns. One image clearly shows a Dynamocks gift box. This product is a multipack and qualifies for Path B. Chose ""4-Pair Funky Patterned Ankle Sock Gift Box for Men & Women"" over the literal ""Plush, Classic, Tides, Arrows"" patterns, as individual pattern names have no search volume and are forbidden for multipack titles. Ensured the title was unique among existing 4-pair patterned gift sets.",,,,3048,3049
NOT SCORED,,,,,,Cotton Ankle Socks Combo: Fizzy Pack of 4,https://dynamocks.us/products/fizzy-pack-of-4,Cotton Ankle Socks Combo – Fizzy Pack of 4 | Fun & Vibrant Designs,4-Pair Funky Assorted Ankle Sock Gift Box for Men & Women | Dynamocks,"Infuse some fizz into your sock drawer with the Cotton Ankle Socks Fizzy Pack of 4. Featuring a mix of lively and vibrant designs, this combo adds a playful twist to your everyday wear. Perfect for those who love to combine fun patterns with all-day comfort. Shop now at Dynamocks and step into a world of energetic style and cozy comfort!","Add a burst of personality to your wardrobe with this 4-pair gift set of cool, assorted ankle socks. Crafted from a soft cotton blend, these funky socks for men & women deliver comfort and style. Perfect for everyday wear or as a vibrant gift, each pair features a playful polka dot design.","The photographs show four distinct pairs of multi-colored polka dot ankle socks. Image 3 confirms this is a gift box. This product follows Path B (multipack, combo, gift box) due to the `PRODUCT KIND: multipack` and the gift box in the images. Aimed at the ""4-Pair"" and ""Gift Box"" search terms, with ""Funky Assorted Ankle Socks"" as the descriptive phrase, aligning with Path B's guidance for generic family words in multipack titles and the preference for ""funky"" or ""cool"" over ""colorful."" This approach differentiates the title from already-taken generic ""patterned"" titles.",,,,3051,3052
MODEL REFUSED,,,,,,"Cotton Ankle Socks Combo: Grand, Sublime 1.0, Sublime 3.0, Sublime 4.0",https://dynamocks.us/products/grand-sublime-1-0-3-0-4-1,,Pack count for this multipack is missing from product text.,"Add bold & elegant style to your wardrobe! Cotton Ankle Socks Combo with Grand, Sublime 1.0, Sublime 3.0, & Sublime 4.0 designs. Soft cotton blend.",,"Photographs show 6 pairs of ankle socks with checkerboard and multi-color block patterns in various colors (blue, black, white, red, yellow, teal, pink, green), presented in a gift box. Chose Path B (multipack/gift box) based on PRODUCT KIND and image of gift box. Pack count is not explicitly stated in the provided text data, only individual design names are listed. Cannot determine number of pairs from text.",,,,2756,
NOT SCORED,,,,,,"Cotton Ankle Socks Combo: Grill, Polka, Confetti, Zebra",https://dynamocks.us/products/grill-polka-confetti-zebra,,4-Pair Cool Novelty Short Sock Gift Set for Men | Dynamocks,"Add fun and boldness to your feet! Cotton Ankle Socks Combo with Grill, Polka, Confetti, & Zebra designs. Soft cotton blend, perfect for everyday.","Surprise him with this 4-pair gift set of cool, funky patterned short socks for men. Featuring unique Grill, Polka, Confetti, and Zebra designs in a soft cotton blend, these ankle socks add a bold touch to any everyday look or make a perfect gift.","The photographs show four distinct pairs of ankle socks and a black gift box. Followed Path B for multipack gift sets, aiming for ""Cool Novelty Short Sock Gift Set for Men"" to leverage ""short"" as a high-demand synonym for ankle and ""cool""/""novelty"" for preferred adjectives, with ""gift set for men"" aligning to search demand. Individual pattern names (Grill, Polka, Confetti, Zebra) were included in the description as facts from the product data but avoided in the title to conserve characters and align with Path B guidance against low-volume pattern names.",,,,2345,2346
NOT SCORED,,,,,,"Cotton Ankle Socks Combo: Maze, Pizzazz, Exotic, & Hunk Styles",https://dynamocks.us/products/cotton-ankle-socks-bold-designs,"Cotton Ankle Socks Combo – Maze, Pizzazz, Exotic & Hunk Styles | Bold & Stylish",4-Pair Bold Ankle Socks Combo for Men & Women | Dynamocks,"Step into bold style with the Cotton Ankle Socks Combo featuring Maze, Pizzazz, Exotic, and Hunk designs. This dynamic pack combines eye-catching patterns with vibrant colors, perfect for those who want to make a statement with their socks. Enjoy a mix of fun, stylish, and comfortable designs. Shop now at Dynamocks and elevate your sock game with this unique and trendy combo!","Discover our 4-pair combo of bold ankle socks for men and women. These cotton-rich socks feature funky, abstract patterns in vibrant colors like teal, orange, and black, perfect for adding a cool touch to any outfit. Enjoy breathable comfort and a secure fit for everyday wear or a thoughtful gift.","The main image clearly displays 6 distinct pairs of multi-color, bold, abstract, and geometric ankle socks. Despite this visual, I adhered to the `tags` field's 'Pack of 4' for pack count, per instructions. Path B (multipack) was chosen, and I selected '4-Pair Bold Ankle Socks Combo for Men & Women' as the SEO title, targeting high demand for 'ankle socks' and using 'bold' to avoid near-matches with existing 'funky' or 'cool' titles.",,,,3054,3055
NOT SCORED,,,,,,"Cotton Ankle Socks Combo: Maze, Pizzazz, Exotic, Hunk",https://dynamocks.us/products/maze-pizzazz-exotic-hunk,"Cotton Ankle Socks Combo – Maze, Pizzazz, Exotic & Hunk | Trendy & Comfortable",4-Pair Bold Abstract Ankle Sock Gift Set for Men & Women | Dynamocks,"Revamp your sock collection with the Cotton Ankle Socks Combo featuring Maze, Pizzazz, Exotic, and Hunk designs. This stylish combo offers a blend of dynamic patterns and vibrant colors, perfect for those who love adding a touch of flair to their everyday outfits. Enjoy the perfect mix of trendiness and comfort. Shop now at Dynamocks and step into a world of fashionable, cozy socks!","Discover our 4-pair collection of bold abstract ankle socks for men and women. This cotton-rich gift set features unique multi-color designs, perfect for adding a cool, fun touch to any outfit. Enjoy breathable comfort and lasting style for everyday wear or special gifting.","Frames 1 & 3 show multiple ankle socks with bold, abstract, multi-color patterns. Frame 2 shows a gift box. Product is a multipack (stated) and gift (tags). Path B selected. The title and body description name four distinct designs (""Maze, Pizzazz, Exotic, Hunk""), from which ""4-Pair"" was inferred as the pack count, following the instruction to ground pack count from text only. Aimed for ""Gift Set for Men & Women"" with ""Bold Abstract"" as the family motif, aligning with demand for cool/fun/bold items while differentiating from existing titles.",,,,3057,3058
NOT SCORED,,,,,,"Cotton Ankle Socks 4-Pack: Bold Designs - Mono,Mirage Mayan & Houndstooth",https://dynamocks.us/products/stylish-comfortable-cotton-socks,"Cotton Ankle Socks 4-Pack | Bold Designs: Mono, Mirage, Mayan & Houndstooth ",4-Pair Cool Black & White Ankle Socks for Men & Women,"Elevate your sock collection with our 4-pack of cotton ankle socks featuring bold designs: Mono, Mirage, Mayan, and Houndstooth. These socks offer a stylish, breathable fit perfect for any occasion. From classic patterns to eye-catching prints, they combine comfort and fashion effortlessly. Ideal for those who appreciate unique designs and reliable comfort, this pack ensures you stay on trend while enjoying all-day support.","Amp up your everyday style with our 4-pair pack of cool ankle socks for men and women. Featuring bold black and white patterns like houndstooth, geometric, and wavy designs with vibrant color accents. Made from a breathable cotton blend, these comfortable socks add a funky pop to any casual outfit.","Photographs show four pairs of black and white ankle socks with yellow, blue, and teal accents, displaying wavy, geometric, maze, and houndstooth patterns. Followed Path B (multipack) and used '4-Pair Cool Black & White Ankle Socks for Men & Women' to hit demand for pack count, dominant colors, preferred adjectives, length, and gender. Rejected individual pattern names in the title per Path B and dropped 'Gift Set' as not supported by data.",,,,3060,3061
NOT SCORED,,,,,,"Cotton Ankle Socks Combo: Pop, Plus, Prim, & Vivid Styles",https://dynamocks.us/products/cotton-ankle-socks-pop-plus-prim-vivid,"Cotton Ankle Socks Combo – Pop, Plus, Prim & Vivid Styles | Bold & Trendy",4-Pair Funky Assorted Ankle Socks for Men & Women | Dynamocks," Brighten up your sock drawer with the Cotton Ankle Socks Combo featuring Pop, Plus, Prim, and Vivid styles. This dynamic pack combines bold patterns and vibrant colors, perfect for adding a splash of personality to your everyday outfits. Ideal for those who love making a statement with their socks. Shop now at Dynamocks and step into a world of lively fashion and all-day comfort!","Elevate your everyday style with our 4-Pair Funky Assorted Ankle Socks. This vibrant bundle of cotton-rich ankle socks for men & women offers unique patterns and ultimate comfort. Perfect for adding personality to any outfit, these cool socks are designed for all-day wear.","The photographs show four distinct pairs of ankle socks: yellow with black cross pattern, red with black and yellow blocks, black with white crosses and teal accents, and yellow with purple spots. Frames 2-3 confirm ankle length and show the socks on feet. This is a multipack (4-pair) product, confirmed by `PRODUCT KIND: multipack` and `tags: Pack of 4`. Following PATH B for multipacks, I led with the pack count, followed by ""Funky Assorted"" to describe the varied patterns and lively style, aiming for search terms like ""ankle socks"" and ""cool/funky socks"" which have higher demand than specific pattern names. Rejected naming individual styles (`Pop, Plus, Prim, Vivid`) as they are merchandising labels and have no search volume.",,,,3063,3064
NOT SCORED,,,,,,"Cotton Ankle Socks Combo: Rangoli, Crossover, Exotic, Sizzle",https://dynamocks.us/products/cotton-ankle-socks-rangoli-crossover-exotic-sizzle,"Cotton Ankle Socks Combo – Rangoli, Crossover, Exotic & Sizzle | Vibrant & Unique",4-Pair Bold Patterned Ankle Sock Gift Set for Men & Women | Dynamocks,"Elevate your sock game with the Cotton Ankle Socks Combo featuring Rangoli, Crossover, Exotic, and Sizzle designs. This eye-catching pack offers a mix of vibrant patterns and bold colors, perfect for adding a unique touch to your everyday wear. Ideal for those who love stylish and comfortable fashion. Shop now at Dynamocks and step into a world of dynamic and cozy socks!","Add a splash of personality with this 4-pair cool patterned ankle socks gift set for men & women. Each pair features unique, eye-catching designs – from bold geometrics to vibrant waves – crafted for comfort and everyday excitement. Made with soft, breathable cotton, these funky socks are perfect for gifting or refreshing your own wardrobe.","Frames 1-4 show four distinct pairs of ankle socks with bold, abstract, and geometric patterns in various colors (red, orange, yellow, teal, green, black, white, purple). Frames 5-6 are lifestyle shots. Confirmed as a 4-pair multipack by tags. Followed Path B, aiming for ""4-Pair Patterned Ankle Sock Gift Set"" because pack count, length, and giftability are key search factors for multipacks, and ""bold"" is preferred over generic ""colorful"".",,,,3066,3067
NOT SCORED,,,,,,"Cotton Ankle Socks Combo: Prism, Doodle, Sunshine, Hexagon",https://dynamocks.us/products/cotton-ankle-socks-scrawl-doodle-sunshine-hexagon,"Cotton Ankle Socks Combo – Prism, Doodle, Sunshine & Hexagon | Fun & Stylish",4-Pair Funky Cotton Ankle Socks for Men & Women | Dynamocks,"Refresh your sock collection with the Cotton Ankle Socks Combo featuring Prism, Doodle, Sunshine, and Hexagon designs. This vibrant pack blends playful patterns and bright colors, perfect for adding a touch of fun and style to your everyday outfits. Ideal for those who enjoy creative and comfortable fashion. Shop now at Dynamocks and embrace a unique blend of trendy and cozy socks!","Discover our 4-pair set of cool cotton ankle socks for men & women. This vibrant pack features a variety of bold, funky patterns and bright colors, perfect for adding personality to any outfit. Enjoy the soft, breathable comfort of cotton and polyester for all-day wear.","Frames 1-4 show four distinct pairs of ankle socks: one with blue, yellow & purple geometric triangles; one with teal & black geometric hexagons; one purple with white doodle-like text; and one orange & yellow with a white lattice pattern. Frames 5-6 are lifestyle shots. The product is a multipack, specified as a ""Pack of 4"" in the tags, leading to Path B. Aimed at ""funky socks for men"" (autocomplete suggests this for 'colorful') and ""cotton ankle socks"" demand, combined with the ""4-pair"" count and ""for Men & Women"" modifier. Rejected using specific pattern names like 'Prism' or 'Hexagon' as per Path B rule, and titles too similar to those already taken.",,,,3069,3070
NOT SCORED,,,,,,Cotton Crew Length Socks Gift Box,https://dynamocks.us/products/gift-4,,4-Pair Cool Patterned Crew Sock Gift Box for Men & Women | Dynamocks,"Elevate your sock game with our Cotton Crew Length Socks Combo featuring Sublime 1.0, Sublime 2.0, Sublime 3.0, and Sublime 4.0 designs. These stylish combos boast a mix of bold and elegant patterns to complement your everyday look, all while treating your feet to luxurious comfort. Technical Specifications Made with 85% cotton, 13% Spandex, 2% Elastic – a perfect blend for breathability and lasting wear. Product Features Bold & Elegant Designs: Embrace a mix of bold Grand patterns and sophisticated Sublime styles (Sublime 1.0, Sublime 2.0, Sublime 3.0, Sublime 4.0). Cotton-Rich Comfort: Indulge in the soft, breathable feel of cotton that keeps your feet cozy and comfortable all day long. Durable Construction: The touch of polyester enhances durability, ensuring your socks can keep up with your adventures. Everyday Style: This combo pack is perfect for adding a touch of personality and style to your daily routine. Care Details Machine wash cold on gentle cycle, Tumble dry low.","Unwrap a delightful surprise with this 4-pair gift box of cool patterned crew socks. Featuring four unique color combinations – classic black and red, vibrant navy blue, playful purple, and fresh teal – each pair showcases a bold checkerboard block design. Crafted with 85% cotton for soft, breathable comfort, these stylish socks are a thoughtful gift set for men and women who appreciate quality and a pop of personality.","Frames 1-3 clearly show a 4-pair gift box of crew socks, each with a distinct checkerboard block pattern in various color combinations (navy/blue, black/red, purple/white, teal/blue). Followed Path B (multipack/gift box) and aimed for search terms like 'sock gift box men' and 'cool patterned socks'. Rejected 'Sublime' internal names from previous copy, and corrected 'ankle socks' and 'polyester' claims which contradicted product photos and material composition data.",,,,2757,2758
NOT SCORED,,,,,,Unique Stripes DUO Crew Length Socks Combo Set of 4 /Gift,https://dynamocks.us/products/gift-16,,4-Pair Funky Striped Crew Sock Gift Set for Men & Women | Dynamocks,,"Add a burst of fun to any outfit with this 4-pair gift set of funky striped crew socks. Designed for men & women, these cool combed cotton socks feature bold patterns, seamless toes, and smell-free technology for all-day comfort. Perfect for gifting or your everyday style.","The photographs show four distinct pairs of crew-length socks, all featuring bold, multi-colored stripes. Specific color combinations include orange/dark green, neon green/blue, purple/yellow, and orange/teal. Frames 2-3 show the socks being worn. This is a multipack, so I'm following Path B. I aimed for ""4-Pair Funky Striped Crew Sock Gift Set for Men & Women"" over generic ""patterned"" terms, as 'funky' is preferred over 'colorful' and specific pattern names have low demand for multipacks.",,,,2760,2761
NOT SCORED,,,,,,"Men & Women Colorful Stripes X-1,X-2,X-3,X-4 Crew Length Socks Gift",https://dynamocks.us/products/gift-17,,4-Pair Cool Striped Crew Sock Gift Set for Men | Dynamocks,,"This 4-pair collection of cool striped crew socks makes an ideal gift set for men. Featuring classic patterns in bold color combinations, they're perfect for adding a fun touch to everyday wear. Made with a cotton-rich blend for breathable comfort and lasting durability.","The photographs show four pairs of crew-length socks, each with black, white, and one vibrant accent color (blue, red, yellow, green) in a striped pattern. It's a multipack product, so I followed PATH B. I aimed for 'Cool Striped Crew Sock Gift Set for Men', prioritizing 'cool' over 'colorful' and ensuring pack count leads, as per search demand and guidelines.",,,,2763,2764
NOT SCORED,,,,,,Men's & Women's Unique Artistic Creative Designer Ankle Socks - Pack of 3,https://dynamocks.us/products/ankle-socks-pack-of-3,,3-Pair Funky Novelty Ankle Socks for Men & Women | Dynamocks,,"Discover cool, funky ankle socks for men & women in this 3-pair pack. Made from soft combed cotton, enjoy playful sprinkle, lemon, and banana patterns. Comfortable, smell-free, and perfect for everyday fun.","The photographs show a 3-pair multipack of ankle socks with distinct fun patterns: one blue with sprinkles, one dark blue with lemons, and one teal with bananas, each with contrasting colours. Followed Path B for multipacks, focusing on ""3-Pair"" and ""funky novelty patterned"" over individual pattern names, and including ""for Men & Women"" as it's the stated default and a high-demand modifier. Rejected ""gift box"" as it's a pack, not explicitly a gift set.",,,,2766,2767
NOT SCORED,,,,,,"Cotton Ankle Socks Combo - Burgers, Mooches, Beer - Fun & Comfy",https://dynamocks.us/products/cotton-ankle-socks-combo-burgers-mooches-beer,"Cotton Ankle Socks Combo – Burgers, Mooches, Beer | Fun & Comfy Socks",3-Pair Cool Novelty Ankle Sock Set for Men & Women | Dynamocks," Spice up your sock collection with the Cotton Ankle Socks Combo – Burgers, Mooches, and Beer! These fun and comfy socks feature playful designs that bring a quirky twist to your everyday outfits. Perfect for those who love to add personality to their look without sacrificing comfort. Shop now at Dynamocks and step into fun, stylish comfort with this unique combo pack!","Step into fun with our 3-pair funky novelty ankle sock set, featuring playful burger, mustache, and beer mug designs. Made with soft, breathable cotton, these cool ankle socks add a quirky touch to any outfit, keeping your feet comfortable all day. Perfect for gifting or refreshing your own collection of unique ankle socks for men and women.","Frames 1-3 show three distinct pairs of ankle socks: blue with yellow burgers, yellow with black mustaches, and blue with yellow/red beer mugs. This is a multipack product (`Pack of 3` tag) so PATH B is followed. I chose '3-Pair Cool Novelty Ankle Sock Set' over naming individual motifs or specific colors, as multipack demand prioritizes pack count and general 'novelty' patterns, and 'cool' is a preferred adjective.",,,,3075,3076
NOT SCORED,,,,,,"Cotton Ankle Socks Combo: Doodle, Sunshine, Hexagon Designs",https://dynamocks.us/products/cotton-ankle-socks-doodle-sunshine-hexagon,"Cotton Ankle Socks Combo – Doodle, Sunshine & Hexagon Designs | Fun & Comfortable",3-Pair Multi-Color Patterned Ankle Sock Set | Dynamocks,"Add a burst of creativity to your wardrobe with the Cotton Ankle Socks Combo featuring Doodle, Sunshine, and Hexagon designs. These fun and comfortable socks bring a unique touch to your everyday outfits with their playful patterns. Perfect for those who enjoy blending style with coziness. Shop now at Dynamocks and elevate your sock game with this lively combo pack!","Step up your style with this 3-pair combo of cool ankle socks for men and women. Featuring vibrant multi-color patterns, these soft cotton-blend socks are perfect for everyday wear or as a funky sock gift set.","Photographs show three distinct pairs of ankle socks: purple with abstract white scribbles, yellow with white geometric lattice, and teal with black hexagons. This is a multipack product, matching Path B. Chose '3-Pair Multi-Color Patterned Ankle Sock Set' for the titles, prioritizing pack count, a general pattern description and length based on demand, and to differentiate from existing 'Funky Novelty' and 'Bold Patterned' titles, while staying under character limits.",,,,3078,3079
NOT SCORED,,,,,,"Cotton Ankle Socks 3-Pack: Fizzy Aqua, F. Yellow, F. Purple – Bold Colors",https://dynamocks.us/products/cotton-socks-vibrant-combo,"Cotton Ankle Socks 3-Pack | Bold Colors: Fizzy Aqua, F. Yellow, F. Purple.",3-Pair Funky Polka Dot Ankle Socks for Men & Women | Dynamocks,"Stand out with every step in our 3-pack cotton ankle socks, featuring bold colors like fizzy aqua, f. yellow, and f. purple. Designed for all-day comfort, these socks offer a snug, breathable fit, perfect for adding a vibrant twist to your everyday wear. Whether you're working, working out, or just relaxing, this pack gives you a fun, colorful boost that combines style with function. Make your footwear pop with these bold essentials!","Step into style with our 3-pair funky polka dot ankle socks. Crafted from soft, breathable cotton, these cool socks for men & women add a vibrant twist to any outfit. Perfect for everyday wear or a fun gift, they offer all-day comfort and a secure fit.","Photographs show three pairs of ankle-length socks with distinct polka dot patterns: one blue/orange, one yellow/red, and one purple/teal. The product is identified as a multipack, so Path B is followed. Aimed at the ""3-Pair"" pack count, ""polka dot"" pattern, ""ankle socks"" length, and used ""funky"" as a preferred descriptor over ""vibrant"" or ""colorful"" to capture demand for ""cool socks."" Rejected listing individual color names in the title as per multipack guidelines.",,,,3081,3082
NOT SCORED,,,,,,"Cotton Ankle Socks Combo: Jolly, Neon, Yinyang Designs",https://dynamocks.us/products/cotton-ankle-socks-jolly-neon-yinyang,"Cotton Ankle Socks Combo – Jolly, Neon & Yinyang Designs | Fun & Trendy",3-Pair Bright Patterned Ankle Socks for Men & Women | Dynamocks,"Brighten your sock collection with the Cotton Ankle Socks Combo featuring Jolly, Neon, and Yinyang designs. These fun and trendy socks offer a lively mix of patterns and colors, perfect for adding a touch of excitement to your everyday outfits. Ideal for those who love playful style and vibrant comfort. Shop now at Dynamocks and enjoy a burst of energy with this unique sock combo!","Discover this 3-pair set of cool cotton ankle socks, perfect for men & women. Featuring bold, assorted patterns in bright colors, these comfortable socks add a fun touch to any look. Crafted with 85% cotton for breathable, all-day wear. Shop unique ankle socks at Dynamocks.","The photographs display three distinct pairs of ankle socks: one blue and yellow with lightning bolts (Jolly), one black and orange with abstract geometric shapes (Neon), and one green and black with yin-yang symbols (Yinyang). Frames 2-3 show the blue pair on feet and laid flat. The product is identified as a 3-pair multipack, following PATH B. The specific design names ""Jolly, Neon, Yinyang"" were rejected for the title as they have no search volume and multipack titles must use generic family words. Chose ""Bright Patterned"" as a descriptive, high-level term that reflects the visual appeal while remaining distinct from already taken titles like ""Multi-Color Patterned"" or ""Funky Patterned.",,,,3084,3085
NOT SCORED,,,,,,"Cotton Ankle Socks Combo: Maze, Polka, Exotic Designs",https://dynamocks.us/products/cotton-ankle-socks-maze-polka-exotic,"Cotton Ankle Socks Combo – Maze, Polka & Exotic Designs | Fun & Stylish",3-Pair Funky Ankle Socks for Men & Women | Dynamocks,"Add a splash of excitement to your sock drawer with the Cotton Ankle Socks Combo featuring Maze, Polka, and Exotic designs. These fun and stylish socks offer a mix of vibrant patterns and colors, perfect for making a statement while staying comfortable. Ideal for those who love to blend playful fashion with everyday wear. Shop now at Dynamocks and enjoy a fresh twist on your sock collection!","Explore fun patterns with this 3-pair set of funky ankle socks for men and women. Made with breathable cotton, these cool socks feature bold, abstract, and exotic designs to add personality to any outfit. Enjoy a secure, stay-put fit for all-day comfort.","Photographs show three distinct pairs of ankle socks with bold, abstract, and exotic patterns in teal, aqua, black, orange, yellow, green, white, and purple. Frame 1 is the product shot, frames 2-3 show them worn on a male model. This is a multipack (3 pairs from tags and photos), so Path B was chosen. Aimed at '3-Pair Funky Ankle Socks' to encompass the diverse designs while prioritizing pack count and length, rejecting specific pattern names like 'Maze' or 'Polka' as they have no search volume for multipacks, and ""Funky"" is a preferred search term.",,,,3087,3088
NOT SCORED,,,,,,"Cotton Ankle Socks Combo: Pizzazz, Prism, Cube Designs",https://dynamocks.us/products/cotton-ankle-socks-pizzazz-prism-cube,"Cotton Ankle Socks Combo – Pizzazz, Prism & Cube Designs | Stylish & Dynamic",3-Pair Bold Geometric Ankle Sock Set for Men | Dynamocks," Revamp your sock collection with the Cotton Ankle Socks Combo featuring Pizzazz, Prism, and Cube designs. This stylish combo combines vibrant patterns with modern flair, perfect for those who enjoy making a bold statement with their everyday wear. Enjoy the perfect blend of eye-catching style and cozy comfort. Shop now at Dynamocks and step into a world of dynamic fashion!","Step up your sock game with this 3-pair set of bold geometric ankle socks for men. Crafted from a comfortable cotton blend, these funky designs add a playful pop to any outfit. Perfect for everyday wear or a thoughtful gift, enjoy lasting comfort and standout patterns.","The photographs show three distinct pairs of ankle socks with vibrant, multi-color geometric patterns. One pair features orange, blue, purple, and white abstract shapes; another displays yellow, purple, black, and white triangles with light blue accents; and the third shows black, white, blue, orange, and teal cube patterns. No banners or size charts were present. Followed Path B (multipack) because the product data specifies 'Pack of 3' and 'Combo'. Chose '3-Pair Bold Geometric Ankle Sock Set for Men' over generic 'Patterned' or specific internal names ('Pizzazz, Prism, Cube') to align with search demand for 'ankle socks' and preferred adjectives like 'bold' and 'funky', while avoiding specific pattern names for multipacks.",,,,3093,3094
NOT SCORED,,,,,,"Cotton Ankle Socks 3-Pack: Plush, Pop, Plus - Fun Designs",https://dynamocks.us/products/cotton-ankle-socks-plush-pop-plus,"Cotton Ankle Socks 3-Pack | Fun Designs: Plush, Pop, Plus for Playful Comfort",3-Pair Graphic Ankle Socks for Men & Women | Dynamocks,"Bring fun to your feet with our 3-pack cotton ankle socks in Plush, Pop, and Plus designs. These socks combine comfort and style, offering a soft, breathable fit for all-day wear. With playful patterns and vibrant colors, they’re perfect for adding a touch of personality to your everyday look. Whether you’re lounging, at work, or on the go, these socks make sure you step out in both comfort and fun.","Add a pop of personality with this 3-pack of cool ankle socks in aqua, yellow & black. Featuring bold graphic patterns and a soft cotton blend, these cotton ankle socks offer all-day comfort for men and women. The ultimate funky socks for everyday wear or a vibrant gift.","Frames 1-3 show three pairs of ankle socks: one aqua with black pattern/accents, one yellow with dark green pattern/accents, and one black with aqua pattern/accents. The pattern is a repeating stylized cross/star. Path B (multipack) was chosen based on 'PRODUCT KIND: multipack'. Aimed for `3-Pair Graphic Ankle Socks` as a unique combination of pack count, generic family word, length, and gender to avoid conflicts with existing titles, ensuring it remains under 60 characters for SEO.",,,,3096,3097
NOT SCORED,,,,,,"Cotton Ankle Socks Combo: Rangoli, Vivid, Sizzle Designs",https://dynamocks.us/products/cotton-ankle-socks-rangoli-vivid-sizzle,"Cotton Ankle Socks Combo – Rangoli, Vivid & Sizzle Designs | Bold & Colorful",3-Pair Cotton Patterned Ankle Socks for Men & Women | Dynamocks,"Transform your sock collection with the Cotton Ankle Socks Combo featuring Rangoli, Vivid, and Sizzle designs. This vibrant combo offers a lively mix of bold patterns and bright colors, perfect for making a stylish statement with your everyday outfits. Ideal for those who love eye-catching and comfortable fashion. Shop now at Dynamocks and enjoy a splash of fun and flair with these unique socks!","Step up your style with this 3-pair multipack of cool cotton ankle socks for men & women. Featuring unique, bold patterns, these comfortable socks add a fun twist to any everyday outfit.","Photographs show three distinct pairs of cotton ankle socks with varied bold patterns, confirming ""Ankle Pack of 3"". This is a multipack product, so Path B applies. Chose ""Cotton Patterned Ankle Socks for Men & Women"" to combine material, generic pattern family, length, and gender, aiming at 'cotton ankle socks' and 'cool socks' demand while avoiding specific pattern names not searched for multipacks.",,,,3099,3100
NOT SCORED,,,,,,"Cotton Ankle Socks Combo: Urbane, Tangy, Grill Styles",https://dynamocks.us/products/cotton-ankle-socks-urbane-tangy-grill,"Cotton Ankle Socks Combo – Urbane, Tangy & Grill Styles | Trendy & Unique",3-Pair Funky Geometric Cotton Ankle Socks for Men & Women | Dynamocks,"Elevate your sock game with the Cotton Ankle Socks Combo featuring Urbane, Tangy, and Grill styles. This unique pack blends trendy patterns and vibrant colors, perfect for adding a touch of flair and individuality to your everyday wear. Ideal for those who enjoy a mix of modern fashion and cozy comfort. Shop now at Dynamocks and enjoy the perfect fusion of style and personality with these standout socks!","Discover our 3-pair pack of funky geometric cotton ankle socks for men and women. Each pair features a unique, bold pattern and offers breathable comfort with a stay-put fit, perfect for adding a cool touch to any casual look.","The photographs show three pairs of ankle socks with distinct geometric patterns: purple/yellow zigzag, orange/white abstract lines, and green/white triangles. Ignored a sale banner. This is a multipack product. Chose 'funky geometric cotton ankle socks' to align with preferred search terms like ""cool"" and ""funky"" while accurately describing the patterns and material, and differentiating from other 'patterned' multipacks.",,,,3102,3103
NOT SCORED,,,,,,"Cotton Crew Socks Combo: Dandy Neon Green, Maroon, Aqua",https://dynamocks.us/products/cotton-crew-socks-neon-maroon-aqua,"Dandy Cotton Crew Socks Combo – Neon Green, Maroon & Aqua | Comfort & Style",3-Pair Argyle Crew Sock Gift Set for Men & Women | Dynamocks,"Step into comfort and style with our Cotton Crew Socks Combo! Featuring vibrant Neon Green, rich Maroon, and refreshing Aqua, these socks are perfect for adding a pop of color to your wardrobe. Made from soft, breathable cotton, they offer all-day comfort, whether you're at work or play. Elevate your sock game and express your unique personality with this fun combo. Grab yours today and experience the joy of cozy feet!","Step up your style with this 3-pair set of cool argyle crew socks for men and women. Featuring bold patterns in neon green, maroon, and aqua, these cotton-rich socks offer all-day comfort and a secure fit. Perfect for adding a fun touch to any outfit.","Photographs clearly show three distinct pairs of argyle-patterned crew socks in maroon/orange/aqua, neon green/teal/white, and teal/purple/white combinations. No banners or size charts were ignored. This is a multipack product as per the listing data and tags. Selected Path B (multipack) and aimed at the searched term ""argyle"" (a newly recognized pattern in demand) and ""crew socks for men & women,"" rejecting generic terms like ""patterned"" or naming individual designs in the title.",,,,3105,3106
NOT SCORED,,,,,,"Cotton Crew Socks Combo: Fizzy Yellow, Maroon, Aqua",https://dynamocks.us/products/cotton-crew-socks-fizzy-yellow-maroon-aqua,,3-Pair Funky Polka Dot Crew Sock Gift Set for Men & Women | Dynamocks,"Add a burst of sunshine to your feet! Cotton Crew Socks Combo with Fizzy Yellow, Maroon, & Aqua. Soft cotton blend, perfect for everyday.","Discover a fun 3-pair gift set of polka dot crew socks in Fizzy Yellow, Maroon, and Aqua. Made with cotton for comfortable, breathable wear, these funky socks are perfect for adding a pop of personality to any outfit or gifting to friends.","Photographs show three distinct pairs of crew-length socks, each featuring multi-colored polka dots on main bases of yellow, aqua, and maroon. Selected Path B (multipack) based on product kind and tags ('Pack of 3', 'gift'). Aimed for '3-Pair Polka Dot Crew Sock Gift Set for Men & Women', prioritizing pack count and the clear 'polka dot' motif as specific and searchable, and using the broad 'for Men & Women' modifier. Rejected individual color names in the title for a multipack as per instructions, and chose 'funky' in the description over 'vibrant' from the existing copy.",,,,2769,2770
NOT SCORED,,,,,,"Cotton Crew Socks Combo: Mayan, Sunshine, Hexagon",https://dynamocks.us/products/cotton-crew-socks-mayan-sunshine,,3-Pair Cool Patterned Crew Sock Set for Men & Women | Dynamocks,"Add bold style to your feet! Cotton Crew Socks Combo with Mayan, Sunshine, & Hexagon designs. Soft cotton blend, perfect for everyday comfort.","Step up your style with this 3-pair set of cool patterned crew socks for men & women. Made with a soft, breathable cotton blend, these funky socks are perfect for adding bold personality to everyday wear or as a thoughtful gift. Enjoy lasting comfort and unique designs.","Photographs show three pairs of crew socks: teal/black hexagon, yellow/white diamond, and blue/black/white maze patterns. One pair is shown on a man in a dress shoe context, but the overall pack is casual. This is a multipack, so followed Path B. Aimed for ""3-Pair Cool Patterned Crew Sock Set for Men & Women,"" leveraging pack count and general ""cool/funky patterned"" terms over specific pattern names like ""Mayan"" or ""Hexagon"" which have low search demand.",,,,2772,2773
NOT SCORED,,,,,,"Cotton Crew Socks Combo: Plus, Plush, Classic",https://dynamocks.us/products/cotton-crew-socks-combo-plus-plush-classic,,3-Pair Designer Patterned Crew Sock Gift Set for Men & Women | Dynamocks,"Refresh your basics with our Cotton Crew Socks Combo. Get the Plus, Plush, and Classic designs for breathable comfort and everyday style.","Step up your style with this 3-pair gift set of cool patterned crew socks for men and women. Crafted from a soft cotton blend, these designer socks offer bold designs and breathable comfort for everyday wear or a unique gift.","The photographs show three distinct pairs of patterned crew length socks. Pair one is black with white crosses and teal accents; pair two is purple with yellow abstract patterns and yellow accents; pair three is teal with darker teal geometric patterns and navy accents. This is a multipack, so I followed Path B. I chose 'Designer Patterned' over specific internal names like 'Plus, Plush, Classic' or generic 'Geometric Print' because pattern words are low demand, and 'Designer' is a good generic family word that fits the 'Bold & Versatile Designs' mentioned in the product description. I ensured the title is distinct from other 'Cool Patterned' or 'Funky Patterned' titles already taken.",,,,2775,2776
NOT SCORED,,,,,,Dynamocks Spark Vibrant Cotton Crew Socks – Crew,https://dynamocks.us/products/spark-crew-socks-single-pair-cotton-comfort-ignite-your-style,,Cool Multi-color Lightning Crew Socks for Men & Women | Dynamocks,"Spark vibrant cotton crew socks — a bold energetic design in breathable combed cotton with a secure fit. Dynamocks, sizes 6–12, men & women.","Energize your step with cool multi-color lightning crew socks for men & women. Crafted from soft combed cotton for breathable comfort, these funky socks feature a secure, stay-put fit. Add a bold splash of color to any outfit.","Photographs show crew length socks with a bold, multi-color jagged pattern in teal, orange, yellow, purple, and blue, resembling lightning bolts. Chose Path A (single pair, casual). Aimed for ""Cool Multi-color Lightning Crew Socks"" over generic ""patterned"" or ""geometric"" to better describe the specific motif and capitalize on demand for ""cool"" socks while avoiding already taken titles.",,,,2254,2255
NOT SCORED,,,,,,Red Unisex Bamboo Crew Length Socks,https://dynamocks.us/products/red-unisex-bamboo-crew-length-socks,Comfortable Red Unisex Bamboo Crew Length Socks | Eco-Friendly & Stylish,Red Bamboo Crew Dress Socks for Men & Women | Dynamocks,"Step into comfort and style with our Red Unisex Bamboo Crew Length Socks. Made from soft, breathable bamboo fabric, these socks provide all-day comfort while being eco-friendly. Perfect for any occasion, they keep your feet cozy and fresh. Elevate your sock game today and enjoy the perfect blend of sustainability and fashion!","Experience ultimate comfort and all-day freshness with our red bamboo crew dress socks. Crafted from luxuriously soft, odor-resistant, and temperature-regulating bamboo, they offer a secure, stay-put fit for any occasion, for men & women.","Frames 1 & 3 show solid red crew length socks; frame 3 shows them worn in a dress context with grey trousers, and frame 2 is a banner. Chose Path C (dress) due to the bamboo material's emphasized benefits (anti-odor, temperature-regulating, stay-put fit) in the product description, and the dressy imagery. Targeted `Red Bamboo Crew Dress Socks` for a high-value search segment, ensuring unisex applicability from the original product title.",,,,3108,3109
NOT SCORED,,,,,,Purple Unisex Bamboo Crew Length Socks,https://dynamocks.us/products/purple-unisex-bamboo-crew-length-socks,Soft & Stylish Purple Unisex Bamboo Crew Socks | Comfort Meets Sustainability,Purple Crew Length Bamboo Dress Socks for Men & Women | Dynamocks,"Step into comfort with our Purple Unisex Bamboo Crew Length Socks! Crafted from eco-friendly bamboo, these socks provide a luxurious feel while keeping your feet cozy all day. Perfect for any occasion, they blend style and sustainability seamlessly. Treat your feet to the comfort they deserve and experience the difference today!","Experience exceptional comfort with our Purple Crew Length Bamboo Dress Socks. Naturally soft, breathable, and anti-odor, these unisex socks offer a secure, stay-put fit for all-day freshness and style.","The photographs show a solid purple, crew-length sock. Frame 2 is a banner detailing bamboo benefits; frame 3 is a close-up of the toe. Decided on Path C (dress and formal) because the bamboo material makes it a special case, emphasizing material and comfort, rather than Path A for casual singles. Aimed at ""purple"" and ""bamboo dress socks"" combined with ""crew length"" and benefits like ""anti-odor"" and ""stay up,"" as these are high-value search terms and specific pain points the product addresses. Rejected generic pattern words as the sock is solid, and focused on material and comfort for bamboo socks over eco-friendly claims.",,,,3114,3115
NOT SCORED,,,,,,Grey Unisex Bamboo Crew Length Socks,https://dynamocks.us/products/grey-unisex-bamboo-crew-length-socks,"Comfort Meets Style: Grey Unisex Bamboo Crew Length Socks | Soft, Breathable, Eco-Friendly",Light Blue Anti-Odor Bamboo Crew Socks for Men & Women | Dynamocks,"Step into comfort with our Grey Unisex Bamboo Crew Length Socks! Made from soft, breathable bamboo fabric, these eco-friendly socks are perfect for everyday wear. Enjoy the perfect blend of style and sustainability while treating your feet to all-day comfort. Elevate your sock game today!","Keep your feet fresh and cool all day with our anti-odor light blue bamboo crew socks. Designed for ultimate comfort and a secure, stay-put fit, these temperature-regulating socks are luxuriously soft and breathable for men and women.","The photographs show a solid light blue (not grey) pair of crew-length socks. Frame 2 is a banner and was ignored. This is a single product, so Path A is the base. However, the `body description` highlights anti-odor, temperature regulation, and softness, aligning with the ""bamboo is a special case within dress"" guidance. To differentiate from the ""Navy Blue Bamboo Crew Socks"" already taken, ""Anti-Odor"" was used from the product's own description as a key benefit, making the title specific and search-worthy. Rejected ""Grey"" from the existing title as the photo is light blue.",,,,3120,3121
NOT SCORED,,,,,,Orange Unisex Bamboo Crew Length Socks,https://dynamocks.us/products/orange-unisex-bamboo-crew-length-socks,Comfort Meets Style: Orange Unisex Bamboo Crew Length Socks - Eco-Friendly & Soft,Orange Solid Bamboo Crew Dress Socks for Men & Women | Dynamocks,"Step into comfort with our Orange Unisex Bamboo Crew Length Socks! Crafted from eco-friendly bamboo, these socks offer a soft, breathable fit perfect for everyday wear. Elevate your sock game with a splash of color while enjoying the natural moisture-wicking properties. Ideal for all occasions—feel the difference with every step!","Elevate your style with bold orange bamboo dress socks. Experience all-day comfort and a stay-put fit with these naturally odor-resistant and breathable crew socks, perfect for work or special occasions.","The photographs show solid orange crew length socks. Frame 1 shows them worn by a man with dress pants and loafers, indicating a formal/dress context. Frame 2 shows the pair flat, and Frame 3 is a product benefits banner. Chose Path C (Dress and Formal) due to the visual context and the bamboo material which is specified as a special case within dress socks, aligning with comfort and performance. Aimed at ""bamboo dress socks"" and ""orange crew socks"" search intent, incorporating benefits like ""stay-put fit"" and material properties.",,,,3129,3130
NOT SCORED,,,,,,Neon Green Unisex Bamboo Crew Length Socks,https://dynamocks.us/products/neon-green-unisex-bamboo-crew-length-socks,Neon Green Unisex Bamboo Crew Length Socks | Comfort & Style in Every Step,Neon Green Solid Bamboo Crew Socks for Men & Women | Dynamocks,"Step into comfort with our Neon Green Unisex Bamboo Crew Length Socks! Made from soft, breathable bamboo fabric, these eco-friendly socks offer superior comfort and a vibrant pop of color to elevate your style. Perfect for everyday wear, they provide moisture-wicking properties to keep your feet fresh and dry. Embrace a sustainable choice that feels as good as it looks—your feet deserve the best!","Step into cool comfort with these Neon Green Solid Bamboo Crew Socks. Naturally soft, breathable, and odor-resistant, they offer a secure, stay-put fit for men & women. Add a bold pop of color to any look.","The photographs show solid, vibrant neon green crew length socks. The product data confirms 'Neon Green', 'Crew Length', 'Unisex', and 'Bamboo' material. This is a single pair, so followed Path A. Chose to include 'Solid' as a motif to differentiate from other patterns and because it's a searched term for plain socks. Targeted 'neon green socks' and 'bamboo socks' which are key attributes for this product.",,,,3135,3136
NOT SCORED,,,,,,Unisex Bamboo Crew Length Socks - Pack of 4 Pairs,https://dynamocks.us/products/grey-unisex-bamboo-crew-length-socks-copy,Unisex Bamboo Crew Length Socks | Comfortable & Eco-Friendly | Pack of 4 Pairs,4-Pair Bright Solid Bamboo Crew Socks for Men & Women | Dynamocks,"Step into comfort with our Unisex Bamboo Crew Length Socks! This eco-friendly pack of 4 pairs offers breathable softness and moisture-wicking properties for all-day wear. Perfect for any occasion, these socks provide a cozy fit that everyone will love. Treat your feet and the planet—shop now!","Step into vibrant comfort with our 4-pair pack of bright solid Bamboo Crew Socks for Men & Women. Experience super-soft, breathable, and naturally anti-odor bamboo that keeps your feet cool in summer and warm in winter. These funky, durable socks offer a stay-put fit for all-day wear.","The photographs show a multipack of four solid-colored crew socks in red, neon green, orange, and turquoise. The product is identified as a multipack. Chose to lead with the core benefits of bamboo (anti-odor, softness, breathability) to differentiate from existing ""solid"" bamboo sock listings, aligning with search demand for bamboo's ""health and comfort"" properties.",,,,3138,3139
NOT SCORED,,,,,,Unisex Bamboo Crew Length Socks - Pack of 4 Pairs,https://dynamocks.us/products/unisex-bamboo-crew-length-socks-pack-of-4-pairs,Unisex Bamboo Crew Length Socks | Comfortable & Eco-Friendly | Pack of 4 Pairs,4-Pair Solid Bamboo Dress Socks for Men & Women | Dynamocks,"Step into comfort with our Unisex Bamboo Crew Length Socks, designed for all-day wear. This pack of 4 pairs offers a soft, breathable feel that keeps your feet cozy and dry. Made from eco-friendly bamboo, these socks are perfect for the environmentally conscious. Elevate your sock game and enjoy the perfect blend of style and sustainability. Your feet deserve the best!","Step into all-day comfort with our 4-pair pack of solid bamboo dress socks for men & women. Experience the natural anti-odor, temperature-regulating, and soft benefits of bamboo. Designed to stay up, these crew length socks are perfect for work or everyday wear, keeping your feet fresh and comfortable.","Photographs show four pairs of solid crew length socks in black, white, light blue (likely light gray), and navy. This is a multipack (Path B) of bamboo socks, which falls under the special case within dress socks (Path C) due to material benefits and appearance. Aimed to highlight pack count, 'solid' motif, material benefits, and dress sock suitability for Men & Women, rejecting generic 'multipack' as too vague.",,,,3141,3142
NOT SCORED,,,,,,Unisex Bamboo Crew Length Socks - Pack of 4 Pairs,https://dynamocks.us/products/unisex-bamboo-crew-length-socks-pack-of-4-pairs-1,"Unisex Bamboo Crew Length Socks – Pack of 4 | Soft, Breathable & Eco-Friendly",4-Pair Solid Black Bamboo Crew Socks for Men & Women | Dynamocks,"Stay comfortable all day with our Unisex Bamboo Crew Length Socks – Pack of 4. Made from natural bamboo fibers, these socks offer ultra-softness, breathability, and odor control, perfect for any occasion. Eco-friendly and hypoallergenic!","Experience superior comfort with our 4-pair black bamboo crew socks for men and women. Luxuriously soft, breathable, and naturally odor-resistant, they ensure fresh feet and a stay-put fit all day.","The photographs show a 4-pack of solid black crew-length socks. Images 1 and 2 are banners highlighting bamboo benefits. This product is a multipack (Path B). I am targeting searches around ""bamboo socks benefits"", ""soft socks"", ""odor control socks"", and the core product attributes of ""black crew socks 4-pack"". Rejected generic 'Solid Black' title as it is already taken; instead, I focused on ""Luxuriously Soft"" and ""Anti-Odor"" to highlight key bamboo benefits that align with demand for comfort and health.",,,,3144,3145
NOT SCORED,,,,,,Dynamocks Black & White Cotton Crew Socks – Dandy B&W,https://dynamocks.us/products/dandy-black-white-crew-length-socks-cotton-crew-socks,,Black & White Argyle Crew Socks for Men & Women | Dynamocks,"Black & white cotton crew socks — a clean monochrome look in breathable combed cotton with a secure fit. Dynamocks Dandy, sizes 6–12, men & women.","Step out in classic style with our Black & White Argyle Crew Socks. Made from a breathable combed cotton blend, these cool socks offer a secure, stay-put fit for all-day comfort. Perfect for men & women, whether for the office or a casual outing.","Frames 1-3 clearly show black and white argyle pattern crew socks. Frames 2-3 show them worn by men, but the product is designated 'single, casual' and the body copy confirms 'for men and women'. Followed PATH A for single pair, casual. Chose 'Argyle' motif over the generic 'Geometric' from tags as 'argyle' is explicitly shown and listed as a specific searched term to include when accurate, prioritising grounding over raw search volume for general 'pattern'.",,,,2778,2779
NOT SCORED,,,,,,Dynamocks Yellow & Blue Striped Cotton Crew Socks – Bold Stripes 5.0,https://dynamocks.us/products/cotton-crew-socks-bold-stripes-5-0-crew-length-socks,,Blue & Yellow Striped Crew Socks for Men & Women | Dynamocks,"Yellow, red & blue striped cotton crew socks — breathable combed cotton with a secure stretch fit for everyday wear. Dynamocks Bold Stripes 5.0, sizes 6–12, men & women.","Bold blue & yellow striped crew socks for men & women. Made from soft combed cotton for breathable, all-day comfort and a secure, stay-put fit. Add a cool, fun touch to your everyday or business casual look.","Photographs show blue, yellow, and red striped crew socks. The product is a single pair, following PATH A for casual socks. Aimed for ""Blue & Yellow Striped Crew Socks for Men & Women"" as specific colors and gender modifiers carry significantly more search demand than generic ""Colorful Striped Crew Socks.",,,,2781,2782
NOT SCORED,,,,,,Cotton Ankle Socks: DANDY AQUA Ankle Length Socks,https://dynamocks.us/products/cotton-ankle-socks-dandy-aqua-ankle-length-socks,Cotton Ankle Socks – Dandy Aqua Ankle Length Socks | Refreshing & Stylish,"Aqua, Purple & White Argyle Ankle Socks for Men & Women | Dynamocks","Refresh your wardrobe with our Cotton Ankle Socks featuring the Dandy Aqua design. These ankle-length socks blend a cool aqua tone with soft, breathable cotton, offering both comfort and style. Perfect for adding a splash of refreshing color to your everyday outfits. Shop now at Dynamocks and step into a world of comfort and effortless style with these dandy aqua socks!","Step out in style with our cool Aqua, Purple & White Argyle Ankle Socks. Crafted from soft combed cotton, these funky ankle socks offer breathable comfort and a secure fit for everyday wear. Perfect for adding a pop of color to any outfit, for men & women.","The photographs clearly show ankle-length socks with an argyle pattern in shades of aqua/turquoise, purple, and white. This is a single pair, casual product, so Path A was followed. Chose ""Argyle"" as the primary motif because it directly matches the visual and is a searched term not currently in the catalog. Combined with high-demand colors like ""Aqua"" and ""Purple"" and the strong search term ""Ankle Socks"" for accuracy and visibility.",,,,3147,3148
NOT SCORED,,,,,,Cotton Ankle Socks: DANDY MAROON Ankle Length Socks,https://dynamocks.us/products/cotton-ankle-socks-dandy-maroon-ankle-length-socks-copy,Cotton Ankle Socks – Dandy Maroon Ankle Length Socks | Bold & Comfortable,"Maroon, Orange & Blue Argyle Ankle Socks for Men & Women | Dynamocks","Add a bold touch to your wardrobe with our Cotton Ankle Socks in the Dandy Maroon design. These ankle-length socks offer a rich maroon hue paired with soft, breathable cotton for all-day comfort. Perfect for making a statement while keeping your feet cozy and stylish. Shop now at Dynamocks and infuse your everyday look with the vibrant charm of these maroon ankle socks!","Step out in style with these cool maroon, orange, and blue argyle ankle socks. Crafted from soft combed cotton, they offer all-day comfort and a fun, stay-put fit for both men & women.","The photographs clearly display ankle-length socks featuring an argyle pattern in maroon, orange, white, and teal, with small black details. This is a single pair, casual product (Path A). I prioritized 'argyle' as it is a searched term previously absent from the catalog, combined with 'maroon' as a key color, 'ankle socks' (1503 impressions), and the preferred adjective 'funky' to meet the character limit. I rejected leading with the internal name 'Dandy Maroon' and ensured the core description was under 60 characters for the SEO title.",,,,3150,3151
NOT SCORED,,,,,,Cotton Ankle Socks: DANDY NEON Ankle Length Socks,https://dynamocks.us/products/cotton-ankle-socks-dandy-neon-ankle-length-socks,Cotton Ankle Socks – Dandy Maroon Ankle Length Socks | Bold & Comfortable,Funky Neon Green Argyle Ankle Socks for Men & Women,"Add a bold touch to your wardrobe with our Cotton Ankle Socks in the Dandy Maroon design. These ankle-length socks offer a rich maroon hue paired with soft, breathable cotton for all-day comfort. Perfect for making a statement while keeping your feet cozy and stylish. Shop now at Dynamocks and infuse your everyday look with the vibrant charm of these maroon ankle socks!","Step out in style with these funky neon green, teal, and blue argyle ankle socks. Crafted from soft, breathable combed cotton, they offer a secure, stay-put fit and a bold pop of color for men and women.","Frames 1-3 show argyle pattern ankle socks in neon green, teal, dark blue, and white. Ignored the product's internal name 'Dandy Maroon' which contradicts the photographs. Chose Path A (single, casual) and prioritized search terms like 'neon green', 'teal', 'blue', 'argyle', and 'ankle' to align with demand for color, length, and pattern.",,,,2348,2349
NOT SCORED,,,,,,Cotton Ankle Socks: DANDY BLACK & WHITE Ankle Length Socks,https://dynamocks.us/products/cotton-ankle-socks-dandy-black-white-ankle-length-socks-copy,Cotton Ankle Socks – Dandy Black & White Ankle Length Socks | Classic & Stylish,Black & White Argyle Ankle Socks for Men & Women | Dynamocks,"Embrace timeless style with our Cotton Ankle Socks featuring the Dandy Black & White design. These ankle-length socks combine the classic black and white palette with soft, comfortable cotton, making them perfect for versatile, everyday wear. Whether casual or formal, these socks add a touch of effortless elegance. Shop now at Dynamocks and step up your sock game with these chic black and white ankle socks!","Step up your style with these cool Black & White Argyle Ankle Socks. Crafted from soft combed cotton, they offer a comfortable and secure fit for men and women. Perfect for adding a fun, classic touch to everyday wear, these versatile socks are designed to make a statement.","The photographs clearly show black and white argyle ankle socks. I rejected ""Confetti pattern"" from the body description as it directly contradicts the visual evidence. This product is a single, casual pair (Path A). I chose ""Argyle"" as it is a specific, searched pattern word that accurately describes the product, combined with high-demand colour (Black & White) and length (Ankle) terms.",,,,3153,3154
NOT SCORED,,,,,,Yellow & Black Cotton Ankle Socks: Bold Stripes 2.0 Ankle Length Socks,https://dynamocks.us/products/yellow-black-cotton-ankle-socks-bold-stripes-3-0-ankle-length-socks,,Yellow & Black Striped Ankle Socks for Men & Women | Dynamocks,"Add modern style to your feet! Cotton ankle socks with a bold, updated Stripes 3.0 design. Breathable, secure fit, standout style.","Step out in style with these cool yellow & black striped ankle socks. Made from soft combed cotton, they offer a comfortable and secure fit for men & women. Perfect for adding a bold touch to any everyday outfit.","The photographs show yellow and black striped ankle socks. This is a single pair, casual product, so I followed Path A. I chose ""Yellow & Black Striped Ankle Socks"" to target high-volume terms like `ankle socks` (1503), `yellow ankle socks` (91), and `striped ankle socks` (93), rejecting the internal codename ""Bold Stripes 2.0"". The material (combed cotton) and gender (""for Men & Women"") are grounded in the product data and market demand for casual socks.",,,,2784,2785
NOT SCORED,,,,,,Cotton Ankle Socks: Charm Ankle Length Socks,https://dynamocks.us/products/cotton-ankle-socks-charm-ankle-length-socks,Cotton Ankle Socks – Charm Ankle Length Socks | Elegant & Comfortable,Teal & Orange Interlocking Ankle Socks for Men & Women | Dynamocks,"Elevate your sock game with our Cotton Ankle Socks featuring the Charm design. These ankle-length socks combine an elegant pattern with soft, cozy cotton, making them perfect for adding a touch of sophistication to your everyday wear. Ideal for those who appreciate stylish and comfortable fashion. Shop now at Dynamocks and enjoy a blend of charm and comfort with these beautifully designed socks!","Step out in these cool orange and teal interlocking ankle socks. Crafted from soft combed cotton for men & women, they offer a comfortable and stylish fit for everyday wear.","Photographs show a single ankle sock with a teal base and an orange interlocking geometric pattern, with matching orange toe and cuff. Followed Path A for casual single pairs. Focused on 'Teal & Orange Interlocking Ankle Socks' for their high demand in colour and length, rejecting the 'Burger pattern' mentioned in the product description as it directly contradicts the visual evidence.",,,,3156,3157
NOT SCORED,,,,,,Cotton Ankle Socks: Pizza Ankle Length Socks,https://dynamocks.us/products/cotton-ankle-socks-pizza-ankle-length-socks,Pizza Cotton Ankle Socks | Fun & Comfy Ankle-Length Socks for Pizza Lovers,Green & Yellow Pizza Ankle Socks for Men & Women | Dynamocks,"Indulge in a slice of comfort with Pizza Cotton Ankle Socks! Perfect for pizza lovers, these playful ankle-length socks add a dash of fun to your day with their quirky pizza design. Made from soft, breathable cotton, they keep your feet cozy and cool all day long. Spice up your sock drawer with Dynamocks’ Pizza Ankle Socks and show off your love for everyone's favorite food while staying stylish and comfortable!","Inject some fun into your day with these cool Green & Yellow Pizza Ankle Socks. Featuring a playful pizza print, these comfortable combed cotton socks are perfect for adding a quirky touch to any casual outfit. Enjoy a breathable, secure fit and show off your love for pizza.","The photographs clearly show green ankle socks with yellow cuffs/toes and a pizza slice motif. This is a single pair, so followed PATH A. Prioritized ""Green"" and ""Ankle"" based on search demand (green short/ankle socks are high demand, 725+ impressions), and included ""Pizza"" as the clear motif. Rejected ""neon green"" as inaccurate.",,,,3159,3160
NOT SCORED,,,,,,Dynamocks Black & Green Striped Cotton Crew Socks – Stripes 15.0,https://dynamocks.us/products/cotton-crew-socks-stripes-15-0-crew-length-socks,,"Black, White & Turquoise Striped Crew Socks for Men & Women | Dynamocks","Black, green & white striped cotton crew socks — breathable combed cotton with a secure stretch fit for everyday wear. Dynamocks Stripes 15.0, sizes 6–12, men & women.","Cool black, white & turquoise striped cotton crew socks for men & women. Enjoy a breathable combed cotton blend and secure, stay-put fit for all-day comfort.","Frames 1-3 clearly show black, white, and turquoise horizontal stripes on crew-length socks. The product data refers to ""green,"" but the visual evidence dictates ""turquoise"" to avoid misleading the customer on arrival. This is a `single` pair, `casual` product (Path A). Prioritized `colour` and `length` from search demand (58% and 51% respectively), then `striped` motif.",,,,2787,2788
NOT SCORED,,,,,,Dynamocks Blue & Green Striped Cotton Crew Socks – Stripes 12.0,https://dynamocks.us/products/cotton-crew-socks-stripes-12-0-crew-length-socks,,"Blue, Red & Teal Striped Crew Socks for Men & Women | Dynamocks","Blue, red, black & green striped cotton crew socks — breathable combed cotton with a secure stretch fit. Dynamocks Stripes 12.0, sizes 6–12, men & women.","Make a statement with these bold blue, red, and teal striped crew socks. Crafted from soft combed cotton for breathability and comfort, they offer a secure, stay-put fit. Perfect as cool socks for men & women for work, gifting, or everyday style.","Frames 1-3 show a single pair of crew-length socks with prominent horizontal stripes in navy, medium blue, red, light aqua/teal, and white. Frame 1 and 3 show them styled with dress shoes. This is a single, casual product (Path A). Prioritised visual colors (blue, red, teal) over textual 'black' and 'green' as per rule: photo wins silently on what the product IS. Focused on 'striped crew socks' and aimed for 'cool' and 'bold' adjectives to earn clicks, given the current low CTR.",,,,2790,2791
NOT SCORED,,,,,,Dynamocks Bold Striped Cotton Crew Socks – Stripes 13.0,https://dynamocks.us/products/cotton-crew-socks-stripes-13-0-crew-length-socks-copy,,"Cool Blue, Green & White Striped Crew Socks for Men & Women | Dynamocks","Bold striped cotton crew socks — a classic striped pattern in breathable combed cotton with a secure fit. Dynamocks Stripes 13.0, sizes 6–12, men & women.","Step out in cool blue, green & white striped crew socks, made with soft combed cotton for all-day comfort. Designed for a secure, stay-put fit for men & women.","Photographs show blue, green, white, and black striped crew socks, worn by a man in lifestyle shots. This is a single product, so Path A (casual) applies. Chose specific colors (Blue, Green & White Striped) and integrated ""Cool"" over generic terms like 'Bold Patterned' to align with high search demand for color and preferred adjectives while ensuring distinction from existing titles.",,,,2793,2794
NOT SCORED,,,,,,Cotton Ankle Socks : Stripes 6.0 Ankle Length Socks,https://dynamocks.us/products/cotton-ankle-socks-stripes-6-0-ankle-length-socks,Stripes 6.0 Ankle Length Socks – Bold & Comfortable Cotton Ankle Socks,"Black, White, Teal & Orange Striped Ankle Socks for Men & Women | Dynamocks", Step into style with Stripes 6.0 Ankle Length Socks. These Cotton Ankle Socks offer a bold striped design that combines vibrant colors with ultimate comfort. Perfect for those who want to add a touch of flair to their everyday outfits. Shop now at Dynamocks and enjoy the perfect blend of fashion and coziness!,"Add a cool, bold statement to your look with these Black, White, Teal & Orange Striped Ankle Socks. Crafted from comfortable combed cotton, they provide a secure, stay-put fit for all-day wear. Perfect fun socks for men and women.","The photographs show black ankle socks with distinct white, teal, and orange stripes. Frame 1 shows the socks worn, frames 2-3 show the pattern details. This is a single pair, casual product, following Path A. Led with ""Black, White, Teal & Orange Striped Ankle Socks"" to accurately describe the product's dominant colours and motif, ensuring uniqueness against existing ""Multi-Color Striped"" and ""Black Multi-Stripe"" titles, while targeting high-demand ""ankle socks"" and ""striped"" searches.",,,,2299,2300
NOT SCORED,,,,,,Cotton Ankle Socks : Stripes 9.0 Ankle Length Socks,https://dynamocks.us/products/cotton-ankle-socks-stripes-9-0-ankle-length-socks,Stripes 9.0 Ankle Length Socks – Stylish & Comfortable Cotton Ankle Socks,Funky Black Multi-Stripe Ankle Socks for Men & Women | Dynamocks,"Add a pop of personality to your wardrobe with Stripes 9.0 Ankle Length Socks. These Cotton Ankle Socks feature a bold striped design that offers both style and all-day comfort. Perfect for those who love to blend fashion with function in their everyday wear. Shop now at Dynamocks and step into vibrant, cozy style with these must-have ankle socks!
","Step into style with our funky black multi-stripe ankle socks. These cool cotton ankle socks feature vibrant, bold stripes and a secure, stay-put fit for all-day comfort. Perfect for adding a touch of personality to any outfit, for men & women.","The photographs show black ankle-length socks with multiple horizontal stripes in red, blue, green (teal), yellow, and white. Frame 1 shows them being worn, frames 2-3 are product shots. This is a single pair, casual product, following Path A. Led with ""Funky Black Multi-Stripe"" over just ""Striped"" to better describe the visual variety and use high-demand ""funky"" while still including primary color and motif.",,,,3162,3163
MODEL REFUSED,,,,,,Cotton Ankle Socks : Stripes 11.0 Ankle Length Socks,https://dynamocks.us/products/cotton-ankle-socks-stripes-11-0-ankle-length-socks,Cotton Ankle Socks - Stripes 11.0 | Stylish Ankle Length for All-Day Comfort,Colour needs to be identified from images or provided as fact to complete the listing copy.,"Step up your sock game with our Stripes 11.0 cotton ankle length socks. Featuring a timeless striped design, these socks offer a perfect blend of style and comfort. Crafted from soft, breathable cotton, they provide a snug fit that stays in place while keeping your feet cool and comfortable. Ideal for both casual and active wear, these stripes are a versatile addition to any wardrobe. Embrace classic style with a modern twist and enjoy all-day support.""",,"The product is a single pair, casual sock (PATH A). The motif is ""Stripes"" as stated in the title and tags. The length is ""Ankle"" according to the product_type, tags, and title. The `material composition` explicitly states `(NOT STATED)`, so no material will be mentioned in the copy, overriding previous product text that mentioned cotton. Crucially, no colour information is provided in the product details (title, description, tags, handle) and no photographs are available. Without a specific colour, the primary requirement for Path A (`<Colour> <Motif> <Length> Socks for Men & Women`) cannot be met, nor can the `seo_title` be made unique against existing titles.",,,,2344,
NOT SCORED,,,,,,Cotton Ankle Socks : Stripes 12.0 Ankle Length Socks,https://dynamocks.us/products/cotton-ankle-socks-stripes-12-0-ankle-length-socks,Cotton Ankle Socks - Stripes 12.0 | Trendy Ankle Length for Ultimate Comfort,"Blue, Red & Teal Striped Ankle Socks for Men & Women | Dynamocks","Refresh your sock drawer with our Stripes 12.0 cotton ankle length socks. Designed with a chic, updated stripe pattern, these socks combine style and comfort effortlessly. Made from soft, breathable cotton, they offer a comfortable fit that supports your feet all day long. Perfect for both casual and active wear, these socks are a versatile choice for adding a touch of modern style to any outfit. Enjoy the perfect balance of fashion and function with every step.","Upgrade your sock drawer with cool blue, red & teal striped ankle socks for men & women. Made from a soft combed cotton blend for breathability and a secure, comfortable fit. Perfect for adding a fun, bold touch to any outfit, from casual wear to active days.","The photographs show ankle-length socks with prominent blue, red, and teal/mint green stripes, alongside thinner black and white stripes. Frame 1 shows a model wearing them, confirming ankle length. This is a single pair, casual product, following Path A. Led with specific colors and ""striped ankle socks"" as these terms carry high search demand, and ""striped ankle socks"" has 93 impressions. Rejected ""Stripes 12.0"" as it is an internal identifier.",,,,2302,2303
NOT SCORED,,,,,,Cotton Ankle Socks : Stripes 13.0 Ankle Length Socks,https://dynamocks.us/products/cotton-ankle-socks-stripes-13-0-ankle-length-socks,Stripes 13.0 Ankle Length Socks – Colorful Cotton Ankle Socks,"Black, Blue, Green & White Striped Ankle Socks for Men & Women","Step up your sock game with Stripes 13.0 Ankle Length Socks. These Colorful Cotton Ankle Socks feature a bold striped pattern that adds a dynamic touch to any outfit. Perfect for those who love combining style with comfort, these socks offer a vibrant and cozy fit for everyday wear. Shop now at Dynamocks and add a splash of striped fun to your wardrobe!","Step up your casual look with these cool Black, Blue, Green & White Striped Ankle Socks. Crafted from a soft combed cotton blend, these vibrant and funky socks offer a comfortable, stay-put fit for men and women. Perfect for adding a bold splash of color to your everyday outfits.","The photographs clearly show ankle-length socks with black, blue (two shades), lime green, and white horizontal stripes. This is a single pair, casual product, falling under PATH A. I chose to lead with the specific colors ""Black, Blue, Green & White"" and the ""Striped Ankle Socks"" motif, as colour and length carry the highest search demand, prioritizing this over generic terms or internal codenames like ""Stripes 13.0"".",,,,2305,2306
NOT SCORED,,,,,,Cotton Ankle Socks : Stripes 14.0,https://dynamocks.us/products/cotton-ankle-socks-stripes-14-0,Stripes 14.0 Ankle Length Socks – Bold & Stylish Cotton Ankle Socks,Orange & Yellow Striped Short Socks for Men & Women | Dynamocks," Elevate your everyday style with Stripes 14.0 Ankle Length Socks. These Cotton Ankle Socks feature a striking striped design that blends comfort and bold fashion, perfect for making a statement with any outfit. Whether you're dressing up or keeping it casual, these socks offer the perfect mix of flair and coziness. Shop now at Dynamocks and add a pop of personality to your sock drawer!","Step out in style with these fun orange and yellow striped ankle socks. Crafted from soft combed cotton, they offer all-day comfort and a secure fit. Perfect for adding a cool pop of color to any casual outfit, these vibrant striped ankle socks are designed for both men and women.","The photographs show orange, yellow, and white striped ankle socks. Image 1 displays them on a person, while images 2 and 3 are product shots; no banners were present. This is a single pair and a casual style, so I followed Path A. I aimed for ""Orange & Yellow Striped Ankle Socks for Men & Women"" to leverage high-demand color and length keywords, as ""striped ankle socks"" (93 impressions) is also a relevant pattern. I rejected the generic ""colorful"" in favor of specific colors.",,,,3165,3166
NOT SCORED,,,,,,Cotton Ankle Socks : Stripes 19.0,https://dynamocks.us/products/cotton-ankle-socks-stripes-19-0,Stripes 19.0 Ankle Length Socks – Bold & Colorful Cotton Ankle Socks,Funky Multi-Color Striped Ankle Socks for Men & Women | Dynamocks,"Brighten up your day with Stripes 19.0 Ankle Length Socks. These Cotton Ankle Socks feature a vibrant striped pattern, adding a fun pop of color to any outfit while delivering all-day comfort. Perfect for those who love standing out with style. Shop now at Dynamocks and step into a world of bold, cozy fashion!","Step out in style with these funky multi-color striped ankle socks. Crafted from soft combed cotton, these cool socks for men & women offer exceptional breathability and all-day comfort. Add a bold pop of color to any casual look.","The photographs show ankle-length socks with distinct multi-color horizontal stripes on a white base. This is a single, casual product. Aimed at 'striped ankle socks' and 'cool socks for men & women', preferring 'funky multi-color' over generic 'colorful' for vibrancy and search demand.",,,,2194,2195
NOT SCORED,,,,,,Dynamocks Classic Striped Cotton Crew Socks – Stripes 16.0,https://dynamocks.us/products/cotton-crew-socks-stripes-16-0-crew-length-socks,,"Purple, Lavender & White Striped Crew Socks for Men & Women | Dynamocks","Classic striped cotton crew socks — a timeless striped pattern in breathable combed cotton with a secure fit. Dynamocks Stripes 16.0, sizes 6–12, men & women.","Add a cool pop of color with these purple, lavender & white striped crew socks. Crafted from breathable combed cotton for a secure, stay-put fit for both men and women.","Frames 1-3 show a pair of crew socks with stripes in purple, lavender, and white. Images depict the socks worn in both formal (suit) and casual (chinos) settings. The product type is `single` and `Crew`, so I followed PATH A (single pair, casual). I chose ""Purple, Lavender & White Striped Crew Socks"" to reflect the colors and pattern truthfully, aligning with demand for ""purple"" (51 impressions) and ""stripes"" (48 impressions), and rejecting generic ""colorful"" or motif-only labels.",,,,2796,2797
NOT SCORED,,,,,,Dynamocks Red & Yellow Striped Cotton Crew Socks – Stripes 17.0,https://dynamocks.us/products/cotton-crew-socks-stripes-17-0,,"Black, Red, Yellow & Orange Striped Crew Socks for Men & Women | Dynamocks","Red & yellow striped cotton crew socks — breathable combed cotton with a secure stretch fit for everyday wear. Dynamocks Stripes 17.0, sizes 6–12, men & women.","Elevate your everyday style with these bold black, red, yellow & orange striped crew socks. Crafted from breathable combed cotton for men & women, offering a secure, stay-put fit. Perfect as cool cotton crew socks for any occasion.","Frames 1-3 clearly show crew length socks with a black base featuring prominent red, yellow, and orange stripes. This product is identified as a single, casual item, leading to Path A. I've prioritized listing all prominent colors and the stripe motif, aiming for an accurate title like 'Black, Red, Yellow & Orange Striped Crew Socks'. Rejected `2 stripe crew socks` as the product has multiple stripe colors and widths.",,,,2799,2800
NOT SCORED,,,,,,"Dynamocks Blue, White & Red Striped Cotton Crew Socks – Stripes 19.0",https://dynamocks.us/products/cotton-crew-socks-stripes-19-0,,White Multi-color Striped Crew Socks for Men & Women | Dynamocks,"Blue, white & red striped cotton crew socks — breathable combed cotton with a secure stretch fit for everyday wear. Dynamocks Stripes 19.0, sizes 6–12, men & women.","Add a vibrant pop to your wardrobe with these white multi-color striped crew socks for men and women. Crafted from breathable combed cotton with a secure, stay-put fit, they're designed for comfortable, all-day wear and lasting style.","The photographs show a single pair of crew length socks with a white base and multi-colored stripes (blue, red, pink, mint green, black). The cuff, heel, and toe are royal blue. This product is a `single` pair, fitting **PATH A — single pair, casual**. I aimed for ""White Multi-color Striped Crew Socks for Men & Women"" over a generic ""colorful"" or ""funky"" title, as leading with a specific color (white) and ""multi-color"" is more descriptive and distinct from existing titles while still using a high-demand motif (stripes). I rejected the original title's `Blue, White & Red` as the product clearly features more colors.",,,,2257,2258
NOT SCORED,,,,,,Dynamocks Striped Cotton Crew Socks – Stripes X-1,https://dynamocks.us/products/stylish-cotton-ankle-socks-stripes-x-1,,"Black, White & Blue Striped Crew Socks for Men & Women | Dynamocks","Striped cotton crew socks — a stylish mixed striped pattern in breathable combed cotton with a secure fit. Dynamocks Stripes X-1, sizes 6–12, men & women.","Step out in cool style with these black, white, and blue striped crew socks for men and women. Made from soft combed cotton for a breathable, secure fit.","The photographs clearly show horizontal stripes in black, white, and blue, with a crew length. The product kind is 'single', which directs to Path A. Chose ""Black, White & Blue Striped Crew Socks"" to lead with high-demand colour and length, while accurately describing the motif, and avoiding an already-taken similar title.",,,,2802,2803
NOT SCORED,,,,,,Dynamocks Red & Black Striped Cotton Crew Socks – Stripes X-2,https://dynamocks.us/products/stylish-cotton-ankle-socks-stripes-x-2,,"Red, White & Black Striped Crew Socks for Men & Women | Dynamocks","Red, white & black striped cotton crew socks — breathable combed cotton with a secure stretch fit for everyday wear. Dynamocks Stripes X-2, sizes 6–12, men & women.","Get cool red, white & black striped crew socks for men & women. Crafted from breathable combed cotton for all-day comfort and a secure, stay-put fit. Perfect for adding a bold, fun touch to any look.","The photographs clearly show a pair of red, white, and black striped crew socks. The `product_type` and `tags` confirm 'Crew' length. This is a `single` product, so Path A is followed. Led with ""Red, White & Black Striped Crew Socks for Men & Women"" to prioritize colour and length (top search drivers) over generic patterns, and included gender as the biggest modifier.",,,,2805,2806
NOT SCORED,,,,,,Dynamocks Green & White Striped Cotton Crew Socks – Stripes X-3,https://dynamocks.us/products/stylish-cotton-ankle-socks-stripes-x-3,,"Green, White & Black Striped Crew Socks for Men & Women | Dynamocks","Green, white & black striped cotton crew socks — breathable combed cotton with a secure stretch fit for everyday wear. Dynamocks Stripes X-3, sizes 6–12, men & women.","Cool green, white & black striped crew socks for men & women. Made from breathable combed cotton, these fun socks offer a secure, stay-put fit for all-day comfort.","Photographs show green, white, and black striped crew socks. The product kind is `single`, matching Path A. Chosen phrase 'Green, White & Black Striped Crew Socks for Men & Women' prioritizes colour and length, which comprise over 50% of demand, and includes the top gender modifier. Rejected internal codename 'Stripes X-3' and the handle's incorrect 'ankle-socks' claim, following `product_type: Crew` and `tags: Crew Length`.",,,,2808,2809
NOT SCORED,,,,,,Dynamocks Mango & Black Striped Cotton Crew Socks – Stripes X-4,https://dynamocks.us/products/stylish-cotton-ankle-socks-stripes-x-4,,"Mango, White & Black Striped Crew Socks for Men & Women | Dynamocks","Mango, white & black striped cotton crew socks — breathable combed cotton with a secure stretch fit for everyday wear. Dynamocks Stripes X-4, sizes 6–12, men & women.","Step out in cool Mango, White & Black striped crew socks for men & women. Crafted from breathable combed cotton with a secure, stay-put fit for all-day comfort.","Frames 1-3 show mango, white & black striped crew socks on feet and as a pair. This is a single pair, casual product (Path A). Led with ""Mango, White & Black Striped Crew Socks for Men & Women"" because colour (mango socks 739 impressions) and gender (""for men & women"") are high-demand modifiers, while 'striped' is the clear motif.",,,,2811,2812
NOT SCORED,,,,,,HEX ANKLE LENGTH SOCKS - Cotton Ankle Socks,https://dynamocks.us/products/hex-ankle-length-socks-cotton-ankle-socks,,Black & White Hexagon Ankle Socks for Men & Women | Dynamocks,"HEX ANKLE LENGTH SOCKS:  Embrace a minimalist style with solid color design, breathable combed cotton, and a comfortable fit.","Make a cool statement with these Black & White Hexagon Ankle Socks. Crafted from breathable combed cotton for all-day comfort, their flexible fit and bold geometric pattern suit both men and women. Perfect for work or play.","The photographs show black and white ankle socks with an interlocking hexagon pattern. This is a single pair, casual product (Path A). Led with ""Black & White Ankle Socks"" to align with high color and length demand (`white ankle socks` 770 impressions, `black ankle socks` 86 impressions). Included ""Hexagon"" as the specific visual motif, which is supported by the product's internal name (""HEX"") and similar examples in the brief, rather than a generic ""geometric"" which has low demand (2.5%). The claim of ""solid color design"" in the existing description was rejected as it contradicts the visual evidence of a clear pattern.",,,,2260,2261
NOT SCORED,,,,,,Cotton Designer Stripes Crew Length Dress Socks Combo Shop for Men & Women,https://dynamocks.us/products/cotton-crew-dress-socks-combo-for-men-women,Cotton Crew Dress Socks Combo for Men & Women | Stylish & Comfortable,4-Pair Striped Cotton Crew Dress Socks for Men & Women | Dynamocks,"Upgrade your wardrobe with our Cotton Crew Dress Socks Combo for Men & Women! This versatile set offers a perfect blend of style and comfort, featuring high-quality cotton that keeps your feet fresh and dry all day. Designed for both men and women, these crew-length socks provide a snug fit with excellent breathability, ideal for work, casual outings, or formal occasions. ","Upgrade your wardrobe with this 4-pair set of bold striped cotton dress socks for men & women. Made with 85% cotton, these crew length socks offer breathable comfort and a stay-put fit for work or special occasions. Look cool, feel great!","The images show four distinct pairs of multi-color striped crew-length socks on black or navy bases. This product is a multipack or combo (4 pairs) classified as `dress` socks. Followed Path C, incorporating `N-Pair` for the combo. Aimed at ""4-Pair Striped Cotton Crew Dress Socks for Men & Women"" over more generic terms, as multipack count, material, and specific length (crew) are important search modifiers for dress socks.",,,,2197,2198
NOT SCORED,,,,,,Dynamocks Everyday Bold Stripe Pack – 3 Pair,https://dynamocks.us/products/stripes-cotton-socks-pack-of-3-crew-length-socks-combo,,3-Pair Funky Striped Crew Socks Gift Set for Men & Women | Dynamocks,"Add fun and vibrancy to your feet! Cotton Crew Socks Combo with Bubble, Spark, & Doodle designs. Soft cotton blend, perfect for everyday comfort.","Experience lasting comfort and a pop of personality with this 3-pair set of funky striped crew socks for men & women. Made with 85% cotton, this gift bundle features vibrant blue & orange, yellow & black, and dark green & neon green stripes, perfect for everyday wear or a thoughtful gift. Enjoy breathable comfort and durable style.","The photographs show three distinct pairs of crew-length socks, each with bold, horizontal stripes: one blue and orange, one yellow and black, and one dark green and neon green. No banners or size charts were present. This is a multipack, so I followed PATH B. I aimed for a ""3-Pair Funky Striped Crew Socks Gift Set for Men & Women"" structure, incorporating 'funky', 'striped', 'crew socks', and 'gift set' as supported by demand and the product's tags.",,,,2814,2815
NOT SCORED,,,,,,Dynamocks Signature Stripe Pack – Pack of 3,https://dynamocks.us/products/stripes-cotton-socks-pack-of-3-crew-length-socks-set,,3-Pair Striped Crew Sock Gift Set for Men | Dynamocks,"Add fun and vibrancy to your feet! Cotton Crew Socks Combo with Bubble, Spark, & Doodle designs. Soft cotton blend, perfect for everyday comfort.","Elevate his wardrobe with this 3-pair set of cool striped crew socks for men. Crafted from a soft cotton blend, these vibrant socks add a touch of fun to any outfit. Perfect as a gift or for everyday wear.","Frames 1-3 show three distinct pairs of striped crew socks: black/red/yellow, blue/teal/red-brown/white, and green/teal/white. Frames 4-5 show lifestyle shots of the blue and green pairs worn with dress shoes. Followed PATH B for multipacks as specified by `PRODUCT KIND`. Aimed for '3-Pair Striped Crew Sock Gift Set for Men' as this aligns with pack count, pattern, length, and gender-specific demand for multipacks, and rejected internal names like 'Stripes 1.0' and the incorrect mention of polyester in the body description, adhering to grounding rules for material and images.",,,,2817,2818
NOT SCORED,,,,,,Dynamocks Classic Stripe Essentials – Pack of 3,https://dynamocks.us/products/stripes-cotton-socks-pack-of-3-crew-length-socks-set-copy,,3-Pair Cool Striped Crew Sock Gift Set for Men | Dynamocks,"Add fun and vibrancy to your feet! Cotton Crew Socks Combo with Stripes 6.0 , 9.0 and 13.0 designs. Soft cotton blend, perfect for everyday comfort.","Surprise him with this 3-pair gift set of cool striped crew socks for men. Crafted from a soft, breathable cotton blend for all-day comfort and bold style. Perfect for work or everyday wear.","The photographs display three distinct pairs of black-based crew socks, each featuring cool, multi-color horizontal stripe patterns. Chose Path B (multipack) and aimed at search terms like ""sock gift set men"" and ""cool striped crew socks"", opting for a ""Cool Striped"" description over naming individual internal patterns. The exact title `3-Pair Striped Crew Sock Gift Set for Men` was already taken, so ""Cool"" was added to differentiate and align with search demand for ""cool socks for men.",,,,2820,2821
NOT SCORED,,,,,,Dynamocks Refined Stripe Series – 3 Pair,https://dynamocks.us/products/stripes-cotton-socks-pack-of-3-crew-length-socks-combo-1,,3-Pair Cool Striped Sock Gift Set for Men & Women | Dynamocks,"Add fun and vibrancy to your feet! Cotton Crew Socks Combo with Stripes 6.0 , 9.0 and 13.0 designs. Soft cotton blend, perfect for everyday comfort.","Surprise someone with this 3-pair collection of cool striped crew socks. Made with a soft cotton blend for all-day comfort, these socks add a fun touch to any outfit. Perfect as a gift set for men & women.","The photographs show three distinct pairs of crew-length socks, each featuring horizontal stripes in different multi-color combinations (orange/yellow, purple/white, blue/teal/white with black accents). This is a multipack product, falling under Path B. I aimed to incorporate terms like ""cool,"" ""striped,"" and ""gift set for men & women"" based on search demand and the product's nature, while avoiding individual design names as instructed for multipacks.",,,,2263,2264
NOT SCORED,,,,,,Dynamocks Clean Line Collection – Pack of 3,https://dynamocks.us/products/stripes-cotton-socks-pack-of-3-crew-length-socks-combo-2,,3-Pair Bright Striped Crew Sock Gift Set for Men & Women | Dynamocks,"Add fun and vibrancy to your feet! Cotton Crew Socks Combo with Stripes 6.0 , 9.0 and 13.0 designs. Soft cotton blend, perfect for everyday comfort.","Add a splash of vibrant style with this 3-pair crew socks pack from Dynamocks. Featuring bold, brightly striped designs in a soft cotton blend for all-day comfort. Perfect as a fun designer gift set or for refreshing your everyday wardrobe.","The photographs show three pairs of striped crew socks in bright, contrasting colors (blue/lime, purple/yellow, orange/dark green). The product is a multipack of 3 pairs, as confirmed by the product data. Followed Path B for multipacks, aiming for search terms like 'crew socks pack' and 'sock gift set'. Chose 'Bright Striped' over 'Cool Striped' or 'Funky Striped' as those exact phrases were already taken by other products.",,,,2266,2267
NOT SCORED,,,,,,Dynamocks Stripe Collection – 3 Pair Set,https://dynamocks.us/products/stripes-colorful-cotton-socks-pack-of-3-crew-length-socks-combo,,3-Pair Bold Striped Crew Sock Set for Men & Women | Dynamocks,"Add fun and vibrancy to your feet! Cotton Crew Socks Combo with Stripes X-3, Bold 4.0, 11.0 designs. Soft cotton blend, perfect for everyday comfort.","Add a touch of personality with this 3-pair set of bold striped crew socks for men and women. Made with a comfortable cotton blend, these funky socks are perfect for everyday wear or as a thoughtful gift.","The photographs show three pairs of brightly striped crew socks: one pair in neon green with red and blue stripes, a second in blue with orange stripes, and a third in black with green and white stripes. Frame 2 shows one sock being worn, with no banners or size charts to ignore. This product is a multipack, as indicated by 'PRODUCT KIND: multipack', leading to Path B. I aimed for '3-Pair Bold Striped Crew Sock Set' based on the Path B shape, preferring 'Bold' as a recommended adjective over 'colorful' or 'vibrant'. The 'material composition' field states 85% Cotton, 13% Spandex, 2% Elastic, so any mention of polyester from the `body description` was rejected as an invented fact.",,,,2823,2824
NOT SCORED,,,,,,Watermelon Cotton Ankle Socks,https://dynamocks.us/products/watermelon-cotton-ankle-socks-melon-ankle-length-socks,,Mint Green Watermelon Ankle Socks for Men & Women | Dynamocks,"Add a pop of Melon  to your feet! Cotton Ankle Socks. Bold colors, breathable comfort, secure fit.","Step into summer fun with cool mint green watermelon ankle socks. Crafted from soft combed cotton for men & women, offering breathable comfort and a secure, stay-put fit.","The photographs clearly show light mint green socks with a red watermelon slice motif, and dark green cuffs/toes. Frame 1 shows the product; frame 2 shows it on feet. This is a single pair, casual product (PATH A). Chose ""Mint Green Watermelon Ankle Socks"" over ""Watermelon Cotton Ankle Socks"" to lead with a more specific colour for higher search demand and to differentiate from the existing title, while using ""Ankle Socks"" which is the highest volume length term. ""Cool"" and ""funky"" will be used in the description.",,,,2826,2827
NOT SCORED,,,,,,Cotton Ankle Socks: SOLID TURQUOISE Ankle Length Socks,https://dynamocks.us/products/cotton-ankle-socks-solid-turquoise-ankle-length-socks,,Turquoise Solid Ankle Socks for Men & Women | Dynamocks,"Stand out with SOLID TURQUOISE cotton Ankle Socks! Vibrant color, comfortable fit, perfect for everyday expression.","Step into standout style with our Turquoise Solid Ankle Socks. Crafted from soft combed cotton for all-day comfort, these cool, bright socks add a fun pop of color to any outfit. Perfect for men and women seeking vibrant ankle length socks.","The photographs clearly show a single pair of solid turquoise ankle-length socks. There are no patterns, banners, or size charts. This is a `single` product, so I followed PATH A for casual single pairs. I aimed at `turquoise socks` (129 impressions), `ankle socks` (1503 impressions), and the `solid` motif (explicitly requested if shown, and ""plain ankle socks"" has 90 impressions). I rejected ""short"" as ""Solid Turquoise Short Socks"" is already taken, and ""ankle"" has higher search volume.",,,,2829,2830
NOT SCORED,,,,,,Dynamocks Mango Fruit Novelty Cotton Crew Socks – Crew,https://dynamocks.us/products/mango-crew-socks-single-pair-fruity-fun-cotton-comfort,,Mango Yellow & Green Crew Socks for Men & Women | Dynamocks,"Mango fruit novelty cotton crew socks — a fun tropical design in breathable combed cotton with a secure fit. Dynamocks, sizes 6–12, men & women.","Liven up your look with cool mango socks! These fun yellow & green crew socks feature a playful fruit design in soft combed cotton. Designed for men & women, they offer a secure, breathable fit for all-day comfort.","Frames 1-3 show yellow socks with an all-over mango fruit pattern, accented with green cuffs, heels, and toes. This is a single pair, casual product, following PATH A. Led with ""Mango Yellow & Green"" and ""Crew Socks"" to capture the high demand for specific colour/motif combinations (e.g., 'mango socks' 739 impressions) and primary length, while prioritizing colour/length over generic patterns (2.5% demand).",,,,2832,2833
NOT SCORED,,,,,,Dynamocks Blue & Yellow Designer Cotton Crew Socks – Bolt,https://dynamocks.us/products/cotton-crew-socks-bolt-crew-length-designer-socks,,Blue & Yellow Lightning Bolt Crew Socks for Men & Women | Dynamocks,"Blue & yellow designer cotton crew socks — a bold dynamic look in breathable combed cotton with a secure fit. Dynamocks Bolt, sizes 6–12, men & women.","Cool blue & yellow lightning bolt crew socks for men & women. Made from soft combed cotton for breathable comfort & a secure fit. Add a fun, bold pop of color to any outfit.","Frames 1 and 2 show blue crew socks with yellow and white lightning bolts. Path A (single, casual) applies. Chose 'Blue & Yellow Lightning Bolt' as the specific visual motif and dominant colors, prioritizing color (51% demand) and distinct pattern over generic terms like 'designer' (which has low search volume).",,,,2269,2270
NOT SCORED,,,,,,Swank Neon Color Designer Crew Length Socks,https://dynamocks.us/products/cotton-crew-socks-swank-geometric-design-crew-length-socks,,Neon Green & Black Zigzag Crew Socks for Men & Women | Dynamocks,"Elevate your crew sock game! Swank Cotton Crew Socks. Unique design, comfortable and secure fit.","Step up your style with these cool neon green & black zigzag crew socks. Made with soft combed cotton for a comfortable, secure fit all day. Perfect for adding a bold touch to casual wear, or as a fun gift for men & women.","Frames 1-3 show a single pair of bright neon green and dark green/black crew socks with a distinct zigzag geometric pattern. Ignored branding overlays. This is a single, casual pair, fitting Path A. Led with ""Neon Green & Black"" and ""Crew Socks for Men & Women"" to leverage high-demand color and length terms, rejecting internal names like ""Swank"" and prioritizing the actual appearance over low-demand terms like ""Geometric Print"" for the primary title.",,,,2835,2836
NOT SCORED,,,,,,Dynamocks Orange & Blue Striped Cotton Crew Socks – Bold Stripes 4.0,https://dynamocks.us/products/orange-blue-cotton-crew-socks-bold-stripes-4-0-crew-length-socks,,Orange & Blue Striped Crew Socks for Men & Women | Dynamocks,"Orange & blue striped cotton crew socks — breathable combed cotton with a secure stretch fit for everyday wear. Dynamocks Bold Stripes 4.0, sizes 6–12, men & women.","Cool orange and blue striped crew socks for men & women. Breathable combed cotton delivers all-day comfort with a secure, stay-put fit. Add a bold, fun touch to your everyday style.","Frames 1 and 3 show orange and blue striped crew socks worn casually; frame 2 is a product shot. This is a single pair, casual product (PATH A). Led with ""Orange & Blue Striped Crew Socks"" over the generic ""Bold Stripes"" to leverage color and pattern, which are primary search drivers.",,,,2838,2839
NOT SCORED,,,,,,Dynamocks Rainbow Multicolor Striped Cotton Crew Socks – Stripes 10.0,https://dynamocks.us/products/colorful-cotton-crew-socks-stripes-10-0-rainbow-crew-length-socks,,Rainbow Striped Crew Socks for Men & Women | Dynamocks,"Rainbow multicolor striped cotton crew socks — breathable combed cotton with a secure stretch fit for everyday wear. Dynamocks Stripes 10.0, sizes 6–12, men & women.","Cool rainbow striped crew socks made with breathable combed cotton for a secure, stay-put fit. Add a fun, funky touch to any outfit for men and women.","The photographs show bright rainbow multicolor striped crew socks with blue cuffs and red heels/toes. This is a single pair, casual product, so Path A was chosen. The title aims for ""Rainbow Striped Crew Socks"" as color and length carry the most demand, and ""Rainbow"" is more specific and ""fun"" than a generic ""multicolor"" or ""colorful"" which are already overused.",,,,2314,2315
NOT SCORED,,,,,,Dynamocks Olive Cotton Crew Socks – Solid,https://dynamocks.us/products/cotton-crew-socks-solid-maroon-crew-length-socks-copy,,Olive Solid Cotton Crew Socks for Men & Women | Dynamocks,"Solid olive cotton crew socks — a warm earthy colour in breathable combed cotton with a secure fit. Dynamocks, sizes 6–12, men & women.","Cool olive solid combed cotton crew socks for men & women. Enjoy breathable comfort and a secure, stay-put fit with Dynamocks' versatile crew length socks, sizes 6-12.","Frames 1-3 show solid, ribbed, olive green crew socks. Chose Path A (single, casual) and aimed for 'Olive Solid Cotton Crew Socks for Men & Women'. Prioritized 'olive' as the exact color seen and 'solid' as a newly allowed, relevant search term over more generic 'green' searches or pattern words with low demand.",,,,2369,2370
NOT SCORED,,,,,,Dynamocks Pink Cotton Crew Socks – Solid,https://dynamocks.us/products/cotton-crew-socks-solid-olive-crew-length-socks-copy,,Cool Pink Ribbed Crew Socks for Men & Women | Dynamocks,"Solid pink cotton crew socks — a soft warm colour in breathable combed cotton with a secure fit. Dynamocks, sizes 6–12, men & women.","Step into vibrant style with our Cool Pink Ribbed Crew Socks. Made from soft combed cotton, these breathable socks offer a secure, stay-put fit for all-day comfort. Available for men and women.","Frames 1-3 show a single pair of bright pink, crew-length socks with a prominent ribbed texture, styled for both men and women. Chose Path A (single pair, casual) based on `PRODUCT KIND` and `product_type: Crew`. Prioritized 'Pink' and 'Crew' as high-demand terms and used 'Ribbed' as the motif to clearly describe the visual pattern, differentiating it from a plain solid sock. Included ""Cool"" as advised for adjectives and aligned with existing titles for similar solid products.",,,,2841,2842
NOT SCORED,,,,,,Dynamocks Gold Cotton Crew Socks – Solid,https://dynamocks.us/products/cotton-crew-length-socks-solid-gold-unique-color-premium-cotton-socks-for-men-women,,Cool Yellow Solid Crew Socks for Men & Women | Dynamocks,"Solid gold cotton crew socks — a warm classic colour in breathable combed cotton with a secure fit. Dynamocks, sizes 6–12, men & women.","Find your perfect everyday pair: cool yellow solid crew socks crafted for a secure, stay-put fit. Breathable combed cotton for men & women.","The photographs clearly show solid yellow, ribbed crew socks. The listing data confirms it is a single pair, placing it on Path A. The visual evidence of the colour (Yellow) overrides the internal product title's ""Gold"" claim, as per grounding rules, to prevent customer misleading. I have prioritized ""Yellow"" and ""Crew"" based on visual grounding and search demand, using ""Solid"" as the motif and ""for Men & Women"" as the gender modifier.",,,,2844,2845
NOT SCORED,,,,,,Dynamocks Lavender Cotton Crew Socks – Solid,https://dynamocks.us/products/cotton-crew-length-socks-solid-lavender-unique-color-premium-cotton-socks-for-men-women,,Lavender Solid Ribbed Crew Socks for Men & Women | Dynamocks,"Solid lavender cotton crew socks — a soft pastel colour in breathable combed cotton with a secure fit. Dynamocks, sizes 6–12, men & women.","Cool lavender ribbed crew socks for men & women. Enjoy soft combed cotton for breathable comfort and a secure, stay-put fit that lasts all day. A subtle pastel pop.","The photographs show a solid lavender-coloured crew sock with a distinct ribbed texture. This is a single pair, casual product (Path A). I chose 'Lavender Solid Ribbed Crew Socks for Men & Women' to prioritize colour and length, which carry the most demand, and to accurately describe the ribbed motif, including the most common gender modifier.",,,,2847,2848
NOT SCORED,,,,,,Dynamocks Light Blue Cotton Crew Socks – Solid,https://dynamocks.us/products/cotton-crew-length-socks-solid-light-blue-unique-color-premium-cotton-socks-for-men-women,,Light Blue Solid Crew Socks for Men & Women | Dynamocks,"Solid light blue cotton crew socks — a soft classic colour in breathable combed cotton with a secure fit. Dynamocks, sizes 6–12, men & women.","Classic solid light blue cotton crew socks for comfortable everyday wear. Crafted from soft, breathable combed cotton, these versatile socks offer a secure, stay-put fit for both men & women.","Frames 1-3 show solid light blue crew socks with a ribbed texture. Followed PATH A (single, casual) based on product kind. Led with 'Light Blue Solid Crew Socks for Men & Women', prioritizing colour and length (top demand drivers) and 'solid' (an underserviced search term for lack of pattern). Rejected the current title's leading brand name and trailing codename to improve click-through rate.",,,,2850,2851
NOT SCORED,,,,,,Dynamocks Peach Cotton Crew Socks – Solid,https://dynamocks.us/products/cotton-crew-length-socks-solid-peach-unique-color-premium-cotton-socks-for-men-women,,Peach Solid Crew Socks for Men & Women | Dynamocks,"Solid peach cotton crew socks — a soft warm pastel in breathable combed cotton with a secure fit. Dynamocks, sizes 6–12, men & women.","Experience understated style with these solid peach crew socks for men and women. Made from soft, breathable combed cotton, they provide a secure, stay-put fit for all-day comfort.","Photographs show solid peach, ribbed crew socks. The second image shows a man wearing them. This is a single-pair, casual product, following Path A. Led with ""Peach Solid Crew Socks"" to prioritize colour and the ""solid"" motif, which is a searched term missing from the catalog. Rejected ""Mango"" as the product colour is distinctly peach, despite ""mango socks"" having high search volume.",,,,2853,2854
NOT SCORED,,,,,,Dynamocks Rust Cotton Crew Socks – Solid,https://dynamocks.us/products/cotton-crew-length-socks-solid-rust-unique-color-premium-cotton-socks-for-men-women,,Rust Solid Ribbed Crew Socks for Men & Women | Dynamocks,"Solid rust cotton crew socks — a warm earthy colour in breathable combed cotton with a secure fit. Dynamocks, sizes 6–12, men & women.","Warm, earthy rust solid ribbed crew socks in breathable combed cotton for men & women. Enjoy a secure, stay-put fit for all-day comfort. Dynamocks.","The photographs show solid rust-coloured, ribbed crew socks. No banners or size charts were present. This is a 'single' product kind, so I followed PATH A for casual single pairs. I chose 'Rust Solid Ribbed Crew Socks' to prioritize colour and length, which carry the most demand, and included 'Solid' as a direct match to a searched term and 'Ribbed' as a clear visual descriptor, aiming for search queries like `Rust Crew Socks` and `Solid Ribbed Crew Socks`.",,,,2856,2857
NOT SCORED,,,,,,Dynamocks Tech Toes Designer Cotton Crew Socks – Crew,https://dynamocks.us/products/volt-crew-length-men-women-designer-funky-creative-colorful-socks-unisex-socks,,"Orange, Teal & Red Funky Crew Socks for Men & Women | Dynamocks","Tech Toes designer cotton crew socks — a funky creative colourful pattern in breathable combed cotton. Dynamocks, sizes 6–12, men & women.","Step out in funky multi-color crew socks for men & women. Breathable combed cotton with a bold geometric pattern in orange, teal, and red. Enjoy a cool, comfortable, stay-put fit for all-day wear.","Photographs show a crew sock with a bold, multi-color geometric pattern in orange, teal, red, yellow, and white. This is a single, casual pair, following PATH A. Led with dominant colors and 'Funky' over generic 'colorful' to align with higher search demand for cool/funky socks and character limits, fitting the under 60-character target.",,,,2272,2273
NOT SCORED,,,,,,Dynamocks Orange & Aqua Designer Cotton Crew Socks – Radiance,https://dynamocks.us/products/radiance-crew-length-men-women-designer-funky-creative-colorful-socks-unisex-socks-copy,,Rainbow Wavy Crew Socks for Men & Women | Dynamocks,"Orange, red & aqua designer cotton crew socks — a funky colourful look in breathable combed cotton with a secure fit. Dynamocks Radiance, sizes 6–12, men & women.","Step up your style with cool rainbow wavy crew socks for men & women. Made from soft combed cotton, these funky socks feature a secure, stay-put fit for all-day comfort. Perfect for work or play. | Dynamocks","The photographs show a vibrant, multi-color wavy pattern, primarily red, yellow, green, blue, and purple, with teal cuffs, heels, and toes. The product is a single pair of crew-length socks, following PATH A for single, casual products. Chose ""Rainbow Wavy"" to accurately describe the pattern and colors, leveraging implied ""cool/funky"" demand over the generic ""Designer Patterned"" or the inaccurate ""Orange & Aqua"".",,,,2859,2860
NOT SCORED,,,,,,Dynamocks French Fries Novelty Cotton Crew Socks – Crew,https://dynamocks.us/products/tech-toes-crew-length-men-women-designer-funky-creative-colorful-socks-unisex-socks-copy,,Cool French Fries Crew Socks for Men & Women | Dynamocks,"French Fries novelty cotton crew socks — a fun colourful food design in breathable combed cotton with a secure fit. Dynamocks, sizes 6–12, men & women.","Cool French Fries crew socks for men & women. This funky novelty design, crafted from breathable combed cotton, ensures all-day comfort and a secure, stay-put fit. A fun, unique gift.","Photographs show white crew socks with prominent red cuffs, heels, and toes, patterned with yellow and orange french fries in red cartons. Frame 1 is the main product, 2 and 3 are close-ups. This is a single pair, casual product (Path A). Led with 'Cool French Fries Crew Socks for Men & Women' because 'cool' is a preferred adjective, 'French Fries' is a specific and searched motif (44 impressions), and 'for Men & Women' is a high-demand gender modifier, true for this product. Rejected generic 'novelty' or 'patterned' to focus on the specific 'French Fries' search term.",,,,2862,2863
NOT SCORED,,,,,,Dynamocks Guitar Novelty Cotton Crew Socks – Crew,https://dynamocks.us/products/guitar-crew-length-men-women-designer-funky-funny-creative-colorful-socks-unisex-socks,,White Funky Guitar Crew Socks for Men & Women | Dynamocks,"Guitar novelty cotton crew socks — a fun music-themed designer pattern in breathable combed cotton. Dynamocks, sizes 6–12, men & women.","Strike a chord with these funky white guitar crew socks. Featuring a cool music-themed pattern, they're crafted from soft, breathable combed cotton for all-day comfort and a secure, stay-put fit. Perfect for men & women who love music.","Frames 1-3 show white crew socks with a repeating pattern of red, blue, and yellow guitars, musical notes, and picks. The heel, toe, and cuff are black. Chose Path A (single pair, casual). Led with ""White Funky Guitar Crew Socks"" to prioritize colour and length, and use a preferred adjective while accurately describing the unique guitar motif.",,,,2865,2866
NOT SCORED,,,,,,Dynamocks Multicolor Funky Striped Cotton Crew Socks – Fun Stripes,https://dynamocks.us/products/fun-stripes-crew-length-socks-a-touch-of-sophisticated-style-colorful-luxurious-cotton-socks,,Multicolor Cool Striped Crew Socks for Men & Women | Dynamocks,"Multicolor funky striped cotton crew socks — a colourful designer look in breathable combed cotton with a secure fit. Dynamocks Fun Stripes, sizes 6–12, men & women.","Step out in multicolor cool striped crew socks for men & women. Crafted from breathable combed cotton, these bold socks offer a secure, stay-put fit and standout style for any occasion.","Photographs show black, white, peach, turquoise, and yellow in a visually striking, abstract striped pattern; frames 2-4 show the socks on models or laid out, frame 1 is a product shot. Path A (single pair, casual) was chosen based on `PRODUCT KIND`. I prioritized ""Multicolor"" and ""Crew"" to meet the primary demand for colour and length, while using the preferred adjective ""Cool"" to describe the style and avoid generic ""Funky"" used in the original title and other existing ""Striped"" products. The specific pattern is an abstract stripe.",,,,2868,2869
NOT SCORED,,,,,,Dynamocks Artistic Expression Pack – 3 Pair - US Size  6 - 11,https://dynamocks.us/products/artistic-crew-length-socks-combo-gift-box,,3-Pair Artistic Patterned Crew Sock Gift Set for Men & Women | Dynamocks,"Add a pop of color to your wardrobe with the Artistic Crew Socks Combo in Blue, Aqua, Teal Green, and Multicolor. These vibrant and stylish crew-length socks are crafted from soft, breathable cotton for ultimate comfort. Perfect for both men and women, these unisex socks offer a snug fit and a refreshing look, whether you're dressing up or down. Ideal for daily wear, this color-packed combo is your go-to for a blend of comfort, durability, and style. ","Unleash your unique style with this 3-Pair Artistic Patterned Crew Sock Gift Set. Featuring cool, eye-catching designs like abstract waves, vintage stamps, and playful comic book art, these socks add a bold statement to any outfit. Crafted from a durable polyester blend for all-day wear, they offer a snug, breathable fit for both men and women. Perfect for adding a touch of fun to your daily routine or as a thoughtful gift.","The photographs show three distinct pairs of crew-length socks in a multipack: one blue with white waves, one tan with vintage postage stamps, and one multicolor with comic book-style graphics. Frame 1 shows the set, frames 2-4 show the socks being worn. This is a multipack, so Path B applies. I chose to lead with the pack count and categorize them as ""Artistic Patterned"" and a ""Gift Set"" as per the product name and tags, and to avoid naming individual designs which have low search demand. ""Multicolor"" is included in the page title to reflect the varied palette and address the high demand for colour words.",,,,2871,2872
NOT SCORED,,,,,,Dynamocks Curated Art Series – Pack of 3 -  US Size  6 - 10,https://dynamocks.us/products/artistic-crew-length-socks-combo-gift-box-vibrant-colorful-design-comfortable-for-every-day-copy,,3-Pair Funky Novelty Crew Sock Gift Set for Men & Women | Dynamocks,"Add a pop of color to your wardrobe with the Artistic Crew Socks Combo in Blue, Aqua, Teal Green, and Multicolor. These vibrant and stylish crew-length socks are crafted from soft, breathable cotton for ultimate comfort. Perfect for both men and women, these unisex socks offer a snug fit and a refreshing look, whether you're dressing up or down. Ideal for daily wear, this color-packed combo is your go-to for a blend of comfort, durability, and style. ","Unleash your unique style with this 3-pair gift set of funky novelty crew socks for men and women. Featuring bold dragon, skull & roses, and monster designs, these polyester blend socks offer comfort and personality for any occasion.","The photographs show a 3-pair multipack of crew-length socks with distinct novelty patterns: one blue and red dragon, one tan and red skull & roses, and one multi-colored monsters. This product is a multipack, following Path B. Aimed at ""funky novelty"" and ""gift set"" over specific pattern names or generic ""artistic"" which has near-matches in already taken titles. Used ""for Men & Women"" as the product description confirms it is unisex, aligning with the general rule for this catalog. Material is specified as ""polyester blend"" to correct the ""cotton-rich"" claim in the old description.",,,,2874,2875
NOT SCORED,,,,,,Dynamocks Red Cotton Crew Socks – Solid,https://dynamocks.us/products/cotton-crew-socks-solid-red-crew-length-socks-copy-1,,Red Solid Ribbed Crew Socks for Men & Women | Dynamocks,"Solid red cotton crew socks — a bold classic colour in breathable combed cotton with a secure fit. Dynamocks, sizes 6–12, men & women.","Step out in bold style with these red solid ribbed crew socks. Crafted from soft, breathable combed cotton for all-day comfort and a secure, stay-put fit. Perfect for men and women, whether for work or everyday wear.","Photographs show solid red, ribbed crew length socks. Frames 1 and 3 display them being worn by both men and women, confirming gender inclusivity. Followed Path A (single, casual) because product data explicitly defines it as 'Crew' and 'single pair'. Targeted ""Red Solid Ribbed Crew Socks for Men & Women"" using high-demand colour and length, plus the visually clear 'ribbed' motif and most common gender modifier.",,,,2877,2878
NOT SCORED,,,,,,Dynamocks Colorful Geometric Cotton Crew Socks – Electro,https://dynamocks.us/products/cotton-crew-socks-electro-crew-length-socks,,"Blue, Neon Green & White Zigzag Crew Socks for Men & Women | Dynamocks","Colorful geometric cotton crew socks — breathable combed cotton with a secure stretch fit for everyday wear. Dynamocks Electro, sizes 6–12, men & women.","Stand out in cool blue, neon green & white zigzag crew socks. Made with breathable combed cotton for a secure, stay-put fit, these funky crew socks are perfect for men & women looking for bold style.","The photographs show crew length socks with a zigzag pattern primarily in royal blue, neon green, and white, with yellow cuffs, heels, and toes. This is a single pair, casual product (Path A). Led with ""Blue, Neon Green & White Zigzag"" over generic ""Geometric"" as specific colors and patterns carry more demand and are clearer. Chose ""for Men & Women"" as the product description confirms it and it's the most common modifier. The chosen colours are distinct from other existing zigzag titles.",,,,2880,2881
NOT SCORED,,,,,,Dynamocks Waves Artistic Graphic Cotton Crew Socks,https://dynamocks.us/products/artistic-crew-length-socks-combo-gift-box-vibrant-colorful-design-comfortable-for-every-day-copy-1,,Blue & White Waves Crew Socks for Men & Women | Dynamocks,"Waves artistic graphic cotton crew socks — a vibrant colourful print in breathable combed cotton with a secure fit. Dynamocks, sizes 6–10, men & women.","Make a splash with these cool blue & white wave-patterned crew socks for men & women. Featuring a dynamic ocean graphic, they offer a soft feel and breathable comfort with a secure, stay-put fit. Great for everyday wear, sizes 6-10.","Photographs show blue and white crew socks with a dynamic wave and cloud pattern. This is a single pair, casual product (Path A). Chose ""Blue & White Waves Crew Socks for Men & Women"" over ""Artistic Graphic"" to prioritize colour and length, which carry significantly higher search demand. Rejected all mentions of ""cotton"" as the material composition is explicitly (NOT STATED).",,,,2883,2884
NOT SCORED,,,,,,Dynamocks Comic Crash Artistic Graphic Cotton Crew Socks,https://dynamocks.us/products/artistic-crew-length-socks-comic-crash-vibrant-colorful-design-comfortable-for-every-day-copy,,Cool Multicolor Comic Crew Socks for Men & Women | Dynamocks,"Comic Crash artistic graphic cotton crew socks — a vibrant colourful print in breathable combed cotton with a secure fit. Dynamocks, sizes 6–10, men & women.","Step up your style with these cool multicolor comic crew socks for men & women. Featuring a bold comic book print and a secure, stay-put fit, they're fun for everyday wear. Dynamocks, sizes 6-10.","Images show a pair of multicolor, comic book print crew socks. Identified as a single, casual product (Path A). Led with ""Multicolor"" and ""Cool"" to reflect the vibrant visual appeal and match search demand for ""cool socks,"" combined with ""Comic Crew Socks"" for the motif and length. Gender ""for Men & Women"" is default for this product type. Rejected mentioning specific materials as they are not stated in the product data.",,,,2886,2887
NOT SCORED,,,,,,Dynamocks Voyager Artistic Graphic Cotton Crew Socks,https://dynamocks.us/products/artistic-crew-length-socks-voyager-vibrant-colorful-design-comfortable-for-every-day,,Beige & Teal Stamp Print Crew Socks for Men & Women | Dynamocks,"Voyager artistic graphic cotton crew socks — a vibrant colourful print in breathable combed cotton with a secure fit. Dynamocks, sizes 6–10, men & women.","Explore the world on your feet with these cool crew socks for men & women, featuring an artistic graphic print of vintage postage stamps and maps. Designed for a secure, stay-put fit for all-day comfort.","Frames 1-3 show beige and teal crew socks with a vintage stamp and map print. Identified as a single pair, following Path A. Led with ""Beige & Teal Stamp Print Crew Socks"" to prioritize color and length, and a specific motif over the generic ""Artistic Graphic"" used in the original title.",,,,2889,2890
NOT SCORED,,,,,,Dynamocks Skulls & Roses Artistic Graphic Cotton Crew Socks,https://dynamocks.us/products/artistic-crew-length-socks-skulls-roses-vibrant-colorful-design-comfortable-for-every-day,,Tan Skulls & Roses Crew Socks for Men & Women | Dynamocks,"Skulls & Roses artistic graphic cotton crew socks — a bold edgy print in breathable combed cotton with a secure fit. Dynamocks, sizes 6–10, men & women.","Unleash your edgy style with cool Skulls & Roses crew socks. Featuring a bold graphic print and secure, stay-put fit, these funky socks are perfect for men and women.","The photographs clearly show a single pair of crew-length socks with a tan/gold background, featuring multicolor skulls, roses, and intricate filigree. Frame 1 is an active product shot, frame 3 shows props. This is a single, casual pair, following Path A. Led with ""Tan"" as the dominant background color and ""Skulls & Roses"" as the motif, as colour and motif carry significant search demand. Rejected any mention of material, as it is explicitly marked as ""NOT STATED"".",,,,2892,2893
NOT SCORED,,,,,,Dynamocks Monsters Artistic Graphic Cotton Crew Socks,https://dynamocks.us/products/artistic-crew-length-socks-monsters-vibrant-colorful-design-comfortable-for-every-day,,Cool Monster Crew Socks for Men & Women | Dynamocks,"Monsters artistic graphic cotton crew socks — a fun colourful print in breathable combed cotton with a secure fit. Dynamocks, sizes 6–11, men & women.","Step up your style with cool monster print crew socks for men & women. These fun, pastel socks feature a secure, stay-put fit for all-day comfort. Add a funky touch to any casual outfit.","Photographs show a single pair of crew length socks with a multicolor pastel monster print. Selected Path A (single pair, casual) and chose ""Cool Monster Crew Socks for Men & Women"", prioritizing ""cool"" (preferred adjective) and the specific ""monster"" motif and length, while adhering to the ""NOT STATED"" material composition. Rejected generic 'artistic' or 'graphic' pattern terms.",,,,2895,2896
NOT SCORED,,,,,,Dynamocks Maroon & Aqua Striped Cotton Dress Socks – Bold Stripes 3.0,https://dynamocks.us/products/bold-stripes-3-0-crew-length-socks-premium-cotton-dress-socks-for-men-and-women,,Maroon & Aqua Striped Cotton Dress Socks for Men & Women,"Maroon & aqua striped cotton dress crew socks — breathable combed cotton with a secure fit for everyday or dress wear. Dynamocks Bold Stripes 3.0, sizes 6–12, men & women.","Step out in bold style with Maroon & Aqua striped dress socks. Crafted from breathable combed cotton, these comfortable crew socks offer a secure, stay-put fit for men & women, perfect for work or special occasions.","Photographs show crew-length socks with maroon and aqua horizontal stripes, worn by a man with dress shoes, indicating a ""dress"" context. The `PRODUCT KIND` is `dress`, so I am following PATH C. The `material composition` is `85% Combed Cotton` and the product is explicitly ""for men and women"". I prioritized colour, pattern, material, length (implied dress sock is crew), and gender for the titles. I opted for 'Cotton' in the title to fit character limits while ensuring 'Combed Cotton' is highlighted in the description, and included ""for Men & Women"" in the seo_title due to its high search modifier value and grounding, accepting it may slightly exceed 60 characters.",,,,2898,2899
NOT SCORED,,,,,,Dynamocks Magical Ladder Designer Cotton Crew Socks – Crew,https://dynamocks.us/products/magical-ladder-crew-length-men-women-designer-funky-creative-colorful-designer-cotton-socks-unisex-socks,,Cool Yellow & Purple Geometric Crew Socks for Men & Women | Dynamocks,"Magical Ladder designer cotton crew socks — a funky colourful red, yellow & blue design in breathable combed cotton. Dynamocks, sizes 6–12, men & women.","Step up your style with these cool yellow & purple geometric crew socks. Designed for men & women, these funky combed cotton socks feature a vibrant pattern with red accents and a comfortable, secure fit. Perfect for adding a bold statement to your everyday or work wardrobe.","Frames 1-2 show crew length socks with a primary yellow and purple geometric pattern, accented with red on the cuff, heel, and toe. Frame 1 shows the full product. This is a single pair, casual product (Path A). I chose to lead with ""Cool Yellow & Purple Geometric Crew Socks"" for men & women, as colour and length carry the most demand (58% and 51% respectively), and ""cool"" is preferred over ""colorful"". The motif ""geometric"" is plain and accurate, and ""for Men & Women"" is the most common modifier. I rejected the internal name ""Magical Ladder"" and generic ""colorful"" as they do not align with search demand.",,,,2275,2276
NOT SCORED,,,,,,Dynamocks Supreme Designer Cotton Dress Socks – Crew,https://dynamocks.us/products/supreme-men-women-colorful-designer-premium-cotton-socks-unisex-dress-socks,,Neon Green Houndstooth Cotton Dress Socks for Men & Women | Dynamocks,"Supreme designer cotton dress crew socks — a funky colourful pattern in breathable combed cotton with a secure fit. Dynamocks, sizes 6–12, men & women.","Make a bold statement with these cool Neon Green Houndstooth Cotton Dress Socks for men and women. Crafted from soft, breathable combed cotton, they promise a secure, stay-put fit that stays up all day. Their funky pattern adds personality to formal or casual wear.","The photographs show neon green, black, and white houndstooth socks in a diamond grid pattern, which are crew length. Image 2 depicts them worn with dress attire on a man. This is a dress product as stated by `PRODUCT KIND: dress` and confirmed by the product title. I aimed at `Neon Green`, `Houndstooth`, `Cotton`, `Dress Socks`, `Crew`, and `for Men & Women`. I chose 'Neon Green' over just 'Green' as it's a specific search term, and 'Houndstooth' over generic 'Geometric' as it is a searched term not currently in the catalog and accurately describes the pattern. Prioritized required material and gender for Path C.",,,,2901,2902
NOT SCORED,,,,,,Premium Cotton Crew Socks Bundle Of Unique Colorful Designer Socks,https://dynamocks.us/products/premium-cotton-crew-socks-bundle-of-unique-colorful-designer-socks,,4-Pair Cool Patterned Crew Socks Set for Men & Women | Dynamocks,"Add a jolt of style to your feet! Cotton crew socks with electrifying Spark, Ritz, Techno, Burst designs. Breathable comfort, standout patterns.","Upgrade your everyday style with this 4-pair set of cool patterned crew socks. Made with a soft cotton blend, these designer socks offer breathable comfort for men & women. Perfect for adding a funky touch to any outfit.","The photographs show a bundle of four distinct pairs of patterned crew socks in varied bold colors, including geometric, abstract, and tie-dye motifs. This is a multipack (Path B) confirmed by the product tags and image count. Chose '4-Pair Cool Patterned Crew Socks Set' to align with multipack search demand, preferring 'cool' and 'patterned' over low-volume specific motif names like 'Spark' or 'Burst'.",,,,2904,2905
NOT SCORED,,,,,,Premium Cotton Of Unique Colorful Designer Socks bundle Pack of 4,https://dynamocks.us/products/premium-cotton-of-unique-colorful-designer-socks-bundle-pack-of-4,,4-Pair Funky Patterned Crew Socks Gift Set | Dynamocks,"Add a jolt of style to your feet! Cotton crew socks with electrifying Spark, Ritz, Techno, Burst designs. Breathable comfort, standout patterns.","Discover a 4-pair gift set of cool, patterned cotton crew socks for men & women. Crafted from a breathable 85% cotton blend, these funky socks showcase vibrant designs – from playful airplanes to abstract art. Perfect for daily wear or gifting, ensuring comfort and standout style.","The photographs show four distinct pairs of crew-length socks in a bundle: orange with airplanes, teal with a geometric pattern, light blue with sprinkles, and purple with abstract shapes. All are crew length. I ignored close-up and lifestyle shots. This is a multipack product, so I followed Path B, targeting ""sock gift set"" and ""patterned crew socks"" which are high-demand terms for this product type. I rejected specific pattern names as per Path B instructions.",,,,2907,2908
NOT SCORED,,,,,,Unique Colorful Designer Premium Cotton Crew Socks bundle-Pack of 4 Sale,https://dynamocks.us/products/premium-cotton-of-unique-colorful-designer-socks-bundle-pack-of-4-copy,,4-Pair Cool & Funky Patterned Crew Socks for Men & Women | Dynamocks,"Add a jolt of style to your feet! Cotton crew socks with electrifying Spark, Ritz, Techno, Burst designs. Breathable comfort, standout patterns.","Add a jolt of style with this 4-pair pack of cool, funky patterned crew socks for men & women. Discover vibrant zigzags, argyle, and geometric designs in a soft, breathable cotton blend. Perfect for everyday wear or making a bold statement.","The photographs display four distinct pairs of crew-length socks, all featuring vibrant, geometric, and argyle patterns in various bright colors like teal, green, purple, yellow, black, and white. Frame 1 shows the four pairs together; frames 2-6 provide close-ups of individual patterns. This product is clearly a multipack, leading to Path B. I chose ""4-Pair Cool & Funky Patterned Crew Socks for Men & Women"" because ""cool"" and ""funky"" outrank ""colorful"" and ""vibrant,"" and the ""for Men & Women"" modifier is the most common for this market. Specific pattern names like ""zigzag"" or ""argyle"" are reserved for the description per Path B rules.",,,,2910,2911
NOT SCORED,,,,,,Funny Colorful Designer Premium Cotton Crew Socks bundle-Pack of 4,https://dynamocks.us/products/funny-colorful-designer-premium-cotton-crew-socks-bundle-pack-of-4,,4-Pair Cool Funky Crew Socks Pack for Men & Women | Dynamocks,"Add a jolt of style to your feet! Cotton crew socks with electrifying  Pizza, Burgers, Mooch and Alien designs. Breathable comfort, standout patterns.","Get four pairs of cool, funky crew socks with Pizza, Burger, Mustache, and Alien designs. Cotton-rich blend ensures breathable comfort. Perfect for men & women.","Photographs show four unique pairs of crew-length novelty socks (pizza, burgers, mustaches, aliens). This is a multipack, following Path B. Aimed at '4-pair cool crew socks' and 'funky socks for men & women', avoiding specific pattern names in the title.",,,,2913,2914
NOT SCORED,,,,,,Premium Dress Socks - Colorful Designer Cotton Crew Socks bundle-Pack of 4,https://dynamocks.us/products/premium-dress-socks-colorful-designer-cotton-crew-socks-bundle-pack-of-4,,4-Pair Funky Crew Cotton Dress Socks for Men | Dynamocks,"Add a jolt of style to your feet! Cotton crew socks with electrifying Fizzy Maroon, Fizzy Yellow, Dandy Neon And Dandy Maroon designs. Breathable comfort, standout patterns.","Step up your style with this 4-pair collection of funky cotton dress socks for men. Featuring vibrant polka dot and bold argyle patterns, these crew socks are designed to stay up all day. Experience breathable comfort and a touch of playful elegance for work or special occasions.","The photographs show a 4-pair bundle of crew-length socks. Two pairs feature polka dot patterns (maroon/turquoise and yellow/red), and two pairs feature argyle patterns (neon green/blue and maroon/orange). The PRODUCT KIND specifies 'dress', dictating Path C for dress socks. I prioritized a title for 'Cotton Dress Socks for Men' that includes the pack count and 'Funky' as a motif, which covers the varied patterns and aligns with the preference for 'cool' or 'funky' over 'colorful'.",,,,2916,2917
NOT SCORED,,,,,,Premium Dress Socks - Colorful Designer Cotton Crew Socks bundle-Stripes and Dotted Pattern Pack of 4,https://dynamocks.us/products/premium-dress-socks-colorful-designer-cotton-crew-socks-bundle-stripes-and-dotted-pattern-pack-of-4,,4-Pair Funky Patterned Cotton Dress Socks for Men | Dynamocks,"Add a jolt of style to your feet! Cotton crew socks with electrifyingFizzy Orange, Fizzy Yellow, Stripes 14.0 And Stripes 11.0designs. Breathable comfort, standout patterns.","Elevate your style with this 4-pair collection of cool, patterned cotton dress socks for men. Designed for a comfortable, stay-put fit, these funky socks add a bold touch to any outfit.","Photographs show a 4-pair bundle of crew length socks with bold, multi-colored striped and dotted patterns (neon green, orange, yellow, red, blue, white, teal). Ignored internal names like Fizzy Orange and Stripes 14.0. Followed PATH C for 'dress' product kind, integrating multipack and 'for Men' modifier. Aimed for '4-Pair Funky Patterned Cotton Dress Socks for Men' as the core phrase, prioritizing material and broad pattern description over individual internal names, and incorporating 'funky' for visual appeal and search demand.",,,,2919,2920
NOT SCORED,,,,,,Funky Colorful Designer Premium Cotton Crew Socks bundle-Pack of 4,https://dynamocks.us/products/funky-colorful-designer-premium-cotton-crew-socks-bundle-pack-of-4,,4-Pair Cool Novelty Crew Socks for Men & Women | Dynamocks,"Add a jolt of style to your feet! Cotton crew socks with electrifying   Samosa+Tuk Tuk, Sunny Side Up and Pizza designs. Breathable comfort, standout patterns.","Step up your sock game with this 4-pair bundle of cool, novelty crew socks for men and women. Each pair features a unique, funky design: Samosas, Tuk-Tuks, Sunny Side Up eggs, and Pizza. This cotton-rich set offers breathable comfort and bright colors, perfect for adding a playful touch to everyday wear or as a unique gift.","The images show a 4-pack of crew-length socks featuring distinct novelty patterns: samosas, tuk-tuks, fried eggs, and pizza slices. Frames 2-4 are lifestyle shots. Followed the multipack path, as specified. Aimed for ""4-Pair Cool Novelty Crew Socks for Men & Women"" to use high-demand terms like ""cool"" and the most common gender modifier, while adhering to Path B's rule against naming individual designs in the title.",,,,2922,2923
NOT SCORED,,,,,,Colorful Designer Premium Cotton Crew Length Socks bundle- Pack of 4,https://dynamocks.us/products/premium-cotton-socks-colorful-designer-crew-socks-bundle-pack-of-5,,4-Pair Bold Geometric Cotton Crew Socks Set for Men & Women | Dynamocks,"Add a jolt of style to your feet! Cotton crew socks with electrifying Maze, Ritz, Neon and Confetti designs. Breathable comfort, standout patterns.","Unbox vibrant style with this 4-pair set of cool, funky crew socks for men & women. Featuring electrifying geometric patterns and soft, breathable cotton for all-day comfort.","The photographs show four distinct pairs of crew-length socks, each featuring bold, abstract geometric patterns in vibrant multi-colors (teal, orange, burgundy, mint, gold, black, purple, yellow). Frame 1 displays all four pairs, while frames 2 and 3 show individual pairs being worn, with no ignored banners or size charts. This is a multipack product, so Path B was chosen. I aimed at multipack searches that incorporate generic pattern descriptions and ""cool"" or ""funky"" modifiers, such as ""4-Pair Patterned Sock Set for Men & Women."" I rejected the specific pattern names (Maze, Ritz, Neon, Confetti) as they have no search volume and the instructions explicitly forbid them in the title for multipacks.",,,,2925,2926
NOT SCORED,,,,,,Unique Colorful Designer Premium Cotton Dress Socks bundle- Crew Socks For Men & Women Pack of 4 Sale,https://dynamocks.us/products/unique-colorful-designer-premium-cotton-dress-socks-bundle-crew-socks-for-men-women-pack-of-4-sale-copy,,4-Pair Designer Cotton Dress Socks for Men that Stay Up | Dynamocks,"Add a jolt of style to your feet! Cotton crew socks with electrifying Spark, Ritz, Techno, Burst designs. Breathable comfort, standout patterns.","Elevate his wardrobe with this 4-pair collection of cool patterned cotton dress socks for men. Featuring bold stripes, vibrant zigzags, classic argyle, and fun polka dots, these socks are designed to make a statement. Crafted from a premium cotton blend, they offer breathable comfort and a secure, stay-put fit perfect for any occasion. A fantastic gift set for the man who loves to add a touch of personality to his attire.","The photographs show a 4-pair bundle of crew length dress socks with distinct patterns: stripes (yellow, black, white), zigzags (teal, black, white), argyle (maroon, blue, orange), and polka dots (yellow, red, blue). No ignored frames. Followed Path C (dress) for the `PRODUCT KIND`, blending with Path B (multipack) principles for the 'Pack of 4' count. Chose 'Designer Cotton Dress Socks for Men' to capture searched terms and imply variety, and incorporated the 'stay-up' benefit for dress socks, while avoiding listing individual motif names as per multipack guidelines and low pattern search volume.",,,,2928,2929
NOT SCORED,,,,,,Designer Premium Cotton Dress Socks bundle- Crew Socks For Men & Women Pack of 4 Sale,https://dynamocks.us/products/unique-colorful-designer-premium-cotton-dress-socks-bundle-crew-socks-for-men-women-pack-of-4-sale-1,,4-Pair Assorted Patterned Cotton Dress Socks for Men & Women | Dynamocks,"Add a jolt of style to your feet! Cotton crew socks with electrifying Spark, Ritz, Techno, Burst designs. Breathable comfort, standout patterns.","Introduce a jolt of style with this 4-pair bundle of cool, assorted patterned cotton dress socks for men & women. Enjoy breathable comfort and a secure fit, featuring striking stripes and bold geometric designs. Ideal for work, gifting, or making a vibrant statement.","The photographs show a 4-pair bundle of crew-length socks featuring two striped patterns (black/yellow/white and teal/black/white) and two bold geometric/abstract patterns (maroon/orange/mint and purple/yellow/teal). This is a dress multipack, following Path C. Aimed at '4-pair assorted patterned cotton dress socks for men & women', incorporating material and pack count, and rejecting specific pattern names in the title due to multipack rules and low pattern search demand. The current product title includes ""For Men & Women"", which was honored over narrowing to ""for Men"" only, as per the ""Do not invent facts"" rule.",,,,2931,2932
NOT SCORED,,,,,,Dynamocks Unique Turquoise Designer Cotton Dress Socks – Crew,https://dynamocks.us/products/unique-turquoise-men-women-designer-premium-dress-socks,,Turquoise Orange Combed Cotton Dress Socks for Men | Dynamocks,"Unique Turquoise designer cotton dress crew socks — a funky patterned look in breathable combed cotton with a secure fit. Dynamocks, sizes 6–12, men & women.","Funky Turquoise & Orange Combed Cotton Dress Socks for men. These cool crew socks feature a geometric pattern and a secure, stay-put fit for all-day comfort.","Photographs show a single pair of crew-length dress socks with a vibrant geometric pattern in turquoise (teal), orange, and yellow. Image 2 shows them worn with dress shoes and trousers, confirming `PRODUCT KIND: dress`. Path C (dress) was chosen, prioritizing ""Combed Cotton Dress Socks for Men"" and including specific colors, rejecting generic pattern terms due to low search volume and character limits for this high-revenue segment.",,,,2934,2935
NOT SCORED,,,,,,Dynamocks Unique White Designer Cotton Dress Socks – Crew,https://dynamocks.us/products/unique-white-men-women-designer-premium-dress-socks,,White Geometric Crew Combed Cotton Dress Socks for Men & Women | Dynamocks,"Unique White designer cotton dress crew socks — a funky patterned look in breathable combed cotton with a secure fit. Dynamocks, sizes 6–12, men & women.","Stand out with cool, white geometric designer socks for men & women. Crafted from breathable combed cotton, these dress socks offer a secure, stay-put fit.","Photographs show white, orange, teal, yellow, and navy geometric patterned crew socks. Following Path C for 'dress' product kind, but confirming 'Crew' length from product_type and images. Aimed for 'White Geometric Crew Combed Cotton Dress Socks for Men & Women' prioritizing colour, motif, length, material, and gender modifier. Rejected generic ""Geometric Print"" due to low demand and specificity of this pattern. Confirmed ""for Men & Women"" from listing data.",,,,2937,2938
NOT SCORED,,,,,,Dynamocks Jazz Designer Cotton Dress Socks – Crew,https://dynamocks.us/products/jazz-men-women-designer-premium-dress-socks,,Combed Cotton Dress Socks for Men & Women | Dynamocks,"Jazz designer cotton dress crew socks — a funky patterned look in breathable combed cotton with a secure fit. Dynamocks, sizes 6–12, men & women.","Experience all-day comfort with Combed Cotton Dress Socks for Men & Women that stay up. These funky socks feature a bold geometric pattern in mint, pink & teal, perfect for work or gifting.","Frames 1-3 show a multi-color (mint green, hot pink, teal, royal blue) geometric pattern on crew length socks, modelled with dress shoes and as a product shot. The product kind is 'dress'. For seo_title, led with 'Combed Cotton Dress Socks for Men & Women' as material is required for dress socks (Path C), gender is the biggest modifier, and this fits within the character limit. For product_title, used 'Mint, Pink & Teal Geometric Crew Dress Socks' for human readability and to include colour and pattern, as allowed for H1s.",,,,2278,2279
NOT SCORED,,,,,,Turquoise Bamboo Crew Length Socks,https://dynamocks.us/products/turquoise-bamboo-crew-length-socks,Comfort Meets Style: Orange Unisex Bamboo Crew Length Socks - Eco-Friendly & Soft,Turquoise Bamboo Crew Socks for Men & Women | Dynamocks,"Step into comfort with our Orange Unisex Bamboo Crew Length Socks! Crafted from eco-friendly bamboo, these socks offer a soft, breathable fit perfect for everyday wear. Elevate your sock game with a splash of color while enjoying the natural moisture-wicking properties. Ideal for all occasions—feel the difference with every step!","Discover cool comfort with our Turquoise Bamboo Crew Socks for men & women. Made from ultra-soft, breathable bamboo, these anti-odor socks regulate temperature, keeping feet fresh and comfortable all day with a secure, stay-put fit.","Photographs show solid turquoise crew socks; frames 2-3 are a single sock, frame 1 is a pair. Classified as a single, casual pair (Path A). Prioritized 'Turquoise Bamboo Crew Socks for Men & Women' to leverage high-demand colour, material, length, and gender modifiers, as 'Bamboo' is a strong, benefit-driven keyword that aligns with search demand for its comfort and health properties.",,,,2200,2201
NOT SCORED,,,,,,Dynamocks MEGA Mystery Box: 6 Pairs Premium Socks : Quarter Length,https://dynamocks.us/products/cotton-crew-socks-combo-pizzazz-confetti-sprinkles-prism-cube-beam-copy,,6-Pair Funky Ankle Socks Mystery Box for Men & Women | Dynamocks,"Add a touch of retro style and vibrant colors to your feet! Cotton crew socks with unique Pizzazz, Confetti, Sprinkles, Prism, Cube, Beam designs. Breathable comfort, standout style.","Unbox 6 pairs of cool, funky ankle socks! This Dynamocks Mystery Box delivers premium quality, a no-slip fit, and a surprise mix of bold patterns. Perfect for men & women, or as a gift.","The product image shows a ""MYSTERY BOX"" clearly labelled ""ANKLE LENGTH"" for 6 pairs of socks. The `product_type` also states `Ankle`. The product title indicates ""6 Pairs"" and ""Quarter Length,"" creating a discrepancy. Following grounding rule 4, the image and `product_type` (Ankle) take precedence over the `title` (Quarter Length). This is a `multipack` product (Path B). Chose ""Mystery Box"" as the family word, combined with ""funky"" for the described ""mix of best-selling patterns, bold colors, and unique textures"" from the body copy, and ""6-Pair Ankle Socks"" which are high-demand terms. Rejected individual pattern names as per Path B guidance.",,,,2940,2941
NOT SCORED,,,,,,Dynamocks MEGA Mystery Box: 6 Pairs Premium Socks : Quarter & Crew Length,https://dynamocks.us/products/dynamocks-mega-mystery-box-6-pairs-premium-socks-quarter-length-copy,,6-Pair Patterned Ankle & Crew Sock Mystery Box for Men | Dynamocks,"Add a touch of retro style and vibrant colors to your feet! Cotton crew socks with unique Pizzazz, Confetti, Sprinkles, Prism, Cube, Beam designs. Breathable comfort, standout style.","Unbox a surprise with our 6-Pair Patterned Ankle & Crew Sock Mystery Box for men. Discover a curated collection of cool, bold, and unique designs. Each pair offers a secure, no-slip fit for all-day comfort, making it the perfect gift set for any occasion.","Photographs show a 6-pair mystery box with ""Mystery Box"" and ""Crew & Ankle Mix"" labels. The box contains mixed ankle and crew length socks. Followed Path B (multipack) as it is explicitly a multi-pair gift set. Aimed at ""sock gift box men"" by leading with ""6-Pair Patterned Ankle & Crew Sock Mystery Box for Men"" to convey pack count, mixed lengths, and target the gift segment. Rejected individual pattern names as they are not visible and have low search volume, and omitted material since it is not stated in the `material composition` field.",,,,2943,2944
NOT SCORED,,,,,,Dynamocks MEGA Mystery Box: 6 Pairs Premium Socks :  Crew Length,https://dynamocks.us/products/dynamocks-mega-mystery-box-6-pairs-premium-socks-quarter-crew-length-copy,,6-Pair Cool Patterned Crew Sock Gift Box for Men | Dynamocks,"Add a touch of retro style and vibrant colors to your feet! Cotton crew socks with unique Pizzazz, Confetti, Sprinkles, Prism, Cube, Beam designs. Breathable comfort, standout style.","Discover 6 unique pairs of cool, patterned crew socks in this exciting mystery gift box for men. Expect a variety of bold colors and unique textures with a guaranteed stay-put fit. The perfect sock gift set for any occasion.","Frames 1-2 show a white gift box with colourful brushstroke designs, clearly labeled 'Mystery Box' and 'Crew Length'. Chose Path B (multipack) for this 6-pair mystery product. Focused on search terms like 'sock gift box men' and 'sock gift set men', as gift boxes are primarily searched by men and individual pattern names are explicitly forbidden for multipacks. Material (e.g., cotton) was omitted as `material composition` is not stated, overriding mentions in the body description.",,,,2946,2947
NOT SCORED,,,,,,Dynamocks Executive Striped Cotton Dress Crew Socks – Stripes 21.0,https://dynamocks.us/products/stripes-21-0-the-executive-series-crew-length-socks,,Bold Multi-color Striped Combed Cotton Dress Socks for Men | Dynamocks,"Executive striped cotton dress crew socks — a refined business stripe in breathable combed cotton with a secure fit. Dynamocks Stripes 21.0, sizes 6–12, men & women.","Elevate your workday style with bold multi-color striped combed cotton dress socks for men. Designed for the modern professional, these socks offer a secure, stay-put fit and breathable comfort all day. Perfect for work, special occasions, or gifting.","Photographs show crew length socks with bold horizontal stripes in black, orange, green, blue, pink, and white, worn in formal settings. Followed Path C (dress) as the product type is `dress`. Prioritized ""Combed Cotton Dress Socks for Men"" for high-value search demand in this segment, adding ""Bold Multi-color Striped"" to specify the visual pattern and differentiate. Rejected using ""Crew Socks"" in the main title to align with Path C's preference for ""Dress Socks.",,,,2281,2282
NOT SCORED,,,,,,Dynamocks Orange & Blue Striped Cotton Dress Socks – Stripes 22.0,https://dynamocks.us/products/stripes-22-0-premium-combed-cotton-dress-socks-for-men-women,,Bold Striped Combed Cotton Dress Socks for Men & Women | Dynamocks,"Orange, green & blue striped cotton dress crew socks — breathable combed cotton, made to peek under chinos or jeans. Dynamocks Stripes 22.0, sizes 6–12, men & women.","Add bold style to your wardrobe with our striped combed cotton dress socks. Featuring vibrant orange, green & blue, these crew socks for men & women offer breathable comfort and a secure, stay-put fit. Perfect for work or special occasions.","Photographs show multi-colored striped crew-length socks (orange, green, white, maroon, navy) worn in both formal and casual settings, and a clear product shot. As `PRODUCT KIND: dress` is stated, I followed Path C. Aimed at `dress socks for men & women`, `combed cotton dress socks`, `striped dress socks`, and the pain point `socks that stay up`. Used 'Bold' as a preferred adjective over 'colorful'. Gender modifier is 'for Men & Women' to align with the product's internal data ('for men and women' in handle and body description) and the general catalog instruction, rather than narrowing to 'for Men' alone when the product is explicitly marketed for both.",,,,2949,2950
NOT SCORED,,,,,,Dynamocks Work & Weekend Box - 10-Pair Mystery Box (8 Crew + 2 Quarter),https://dynamocks.us/products/dynamocks-the-10-pair-mystery-box-8-crew-2-quarter,,10-Pair Men's Mystery Ankle & Crew Sock Gift Box | Dynamocks,"Add a touch of retro style and vibrant colors to your feet! Cotton crew socks with unique Pizzazz, Confetti, Sprinkles, Prism, Cube, Beam designs. Breathable comfort, standout style.","Can't decide? Discover a curated collection of 10 cool socks for men, including 8 crew dress socks and 2 quarter-length casual socks. The perfect mystery gift box for work & weekend.","The photographs show a white gift box with ""10 PAIRS MYSTERY BOX"" printed on it, one open with a question mark on tissue paper, indicating unknown contents. This is a multipack (Path B). I'm aiming for ""10-Pair Mystery Sock Gift Box for Men"" as it aligns with gift box search demand and the product's description of office/casual socks for men.",,,,2952,2953
NOT SCORED,,,,,,Dynamocks Black Doodle Cotton Crew Socks – Doodle,https://dynamocks.us/products/doodle-black-premium-cotton-crew-length-socks-for-men-women,,Black Funky Doodle Crew Socks for Men & Women | Dynamocks,"Black doodle cotton crew socks — a playful sketch-style design in breathable combed cotton with a secure fit. Dynamocks, sizes 6–12, men & women.","Cool black doodle crew socks with a playful, abstract pattern in red, blue, yellow & white. Crafted from soft combed cotton for breathable comfort and a secure fit for men & women. Sizes 6-12.","The photographs show black crew socks with a vibrant, abstract doodle pattern in red, blue, yellow, and white. This is a single pair, so Path A applies. Chose ""Black Funky Doodle Crew Socks for Men & Women"" to lead with colour and length, while using ""funky"" which is preferred over ""colorful"" and clearly describing the doodle motif.",,,,2955,2956
NOT SCORED,,,,,,Dynamocks Fresco Artistic Graphic Cotton Crew Socks,https://dynamocks.us/products/artistic-crew-length-socks-fresco,,Cool Multicolor Artistic Crew Socks for Men & Women | Dynamocks,"Fresco artistic graphic cotton crew socks — a vibrant colourful print in breathable combed cotton with a secure fit. Dynamocks, sizes 6–10, men & women.","Add a splash of abstract art to your look with these cool multicolor crew socks for men & women. Designed for a secure fit, they bring a funky vibe to any outfit.","Frames 1-3 show a pair of crew socks with a vibrant, multicolor abstract or artistic graphic print, featuring pink, blue, yellow, orange, and green brushstrokes. No banners or size charts were ignored. Followed Path A (single pair, casual) as indicated by `PRODUCT KIND: single` and product style. Aimed at 'Cool Multicolor Artistic Crew Socks for Men & Women' over generic 'Artistic Graphic Crew Socks'. Prioritized 'Cool' and 'Multicolor' as per demand data showing color and adjectives like 'cool' outrank specific pattern names. Rejected 'cotton' claims as material composition is not stated. Avoided internal motif 'Fresco' and filler words.",,,,2958,2959
NOT SCORED,,,,,,Dynamocks Purple Polka Dot Cotton Crew Socks – Fizzy Purple,https://dynamocks.us/products/fizzy-purple-cotton-crew-length-socks,,Cool Purple Polka Dot Crew Socks for Men & Women | Dynamocks,"Purple polka dot cotton crew socks — a bright multicolor-dot design in breathable combed cotton with a secure fit. Dynamocks Fizzy Purple, sizes 6–12, men & women.","Stand out with cool purple, teal, and orange polka dot crew socks for men & women. Made from soft combed cotton for all-day comfort and a stay-put fit.","Photographs show a pair of purple crew-length socks with teal cuffs/toes and orange, teal, and white polka dots. The product is a single, casual pair, so Path A is followed. Led with ""Purple"" and ""Crew"" as colour and length carry the highest search demand. Used ""Polka Dot"" as the motif and ""Cool"" as a preferred adjective, rejecting the less specific ""Fizzy Purple"" and ""Artistic Step"" internal names.",,,,2961,2962
NOT SCORED,,,,,,Poinciana Passion- Dynamocks Artistic Graphic Quarter Socks (US Size 6-10),https://dynamocks.us/products/dynamocks-artistic-graphic-quarter-socks-us-size-6-10-copy,,Red & Orange Abstract Print Short Socks for Men & Women | Dynamocks,"Add a pop of color to your wardrobe with the Artistic Quarter Length Socks Combo in Red, Orange, Black and Multicolor. These vibrant and stylish crew-length socks are crafted from soft, breathable cotton for ultimate comfort. Perfect for both men and women, these unisex socks offer a snug fit and a refreshing look, whether you're dressing up or down. Ideal for daily wear, this color-packed combo is your go-to for a blend of comfort, durability, and style. ","Add a fun pop of color with these red & orange abstract print short socks for men and women. Made from a breathable polyester blend, they offer elastic arch support and a comfortable, stay-put fit for everyday wear. Perfect for gifting or adding a bold touch to any outfit.","Frames 1-3 clearly show ankle-length socks with a dominant red and orange abstract/pixelated print, accented with yellow, white, and black. Ignored internal names and marketing fluff like 'Poinciana Passion' or 'Dragon Designs'. Chose PATH A for single, casual product. Aimed for 'Red & Orange Short Socks' as color and length are high-demand terms, rejecting low-volume pattern names and inaccurate material claims like 'cotton-rich' from the old description.",,,,2964,2965
NOT SCORED,,,,,,Exotica- Dynamocks Artistic Graphic Quarter Length Socks (US Size 6-10),https://dynamocks.us/products/exotica-dynamocks-artistic-graphic-quarter-length-socks-us-size-6-10,,Pink & Green Floral Ankle Socks for Men & Women | Dynamocks,"Add a pop of color to your wardrobe with the Artistic Quarter Length Socks Combo in Red, Orange, Black and Multicolor. These vibrant and stylish crew-length socks are crafted from soft, breathable cotton for ultimate comfort. Perfect for both men and women, these unisex socks offer a snug fit and a refreshing look, whether you're dressing up or down. Ideal for daily wear, this color-packed combo is your go-to for a blend of comfort, durability, and style. ","Elevate your look with these cool pink and green floral ankle socks, featuring subtle bird motifs. Crafted from a durable and breathable polyester blend (75% Polyester Blend, 15% Spandex, 8% Elastic, 2% Nylon), they provide a secure, comfortable fit with arch support for men and women. These funky ankle socks are perfect for everyday wear or as a unique gift, adding a splash of personality to any outfit.","Frames 1-3 show multi-color floral ankle socks with subtle bird details, black toes and heels, on a white background. This is a single, casual product. The product_type field confirms ""Ankle"" length. Prioritized ""Pink & Green Floral Ankle Socks"" as this reflects dominant colours and the visual motif, targeting high-demand terms for colour and length. Used ""cool"" and ""funky"" over ""vibrant"" to align with preferred adjectives. Corrected the material from previous ""cotton-rich"" claims to the accurate ""polyester blend"" from the material composition.",,,,2967,2968
NOT SCORED,,,,,,Mosaic- Dynamocks Artistic Graphic Quarter Length Socks (US Size 6-10),https://dynamocks.us/products/mosaic-dynamocks-artistic-graphic-quarter-length-socks-us-size-6-10,,Funky Multi-color Quarter Length Socks for Men & Women | Dynamocks,"Add a pop of color to your wardrobe with the Artistic Quarter Length Socks Combo in Red, Orange, Black and Multicolor. These vibrant and stylish crew-length socks are crafted from soft, breathable cotton for ultimate comfort. Perfect for both men and women, these unisex socks offer a snug fit and a refreshing look, whether you're dressing up or down. Ideal for daily wear, this color-packed combo is your go-to for a blend of comfort, durability, and style. ","Add a splash of bold color to any outfit with these funky multi-color quarter length socks. Designed for men and women, they feature a vibrant mosaic-inspired print that stands out. Crafted from a comfortable polyester blend, these cool socks offer lasting wear and a secure fit, perfect for everyday style.","Photographs show multi-color, abstract, mosaic-like quarter length socks on a plain background and worn. Path A (single pair, casual) chosen. Led with ""Funky Multi-color Quarter Length Socks for Men & Women"" prioritizing colour and length (high demand) over specific pattern names (2.5% demand). Noted `product_type: Ankle` conflicts with `title: Quarter Length` and visual; ""Quarter Length"" used as it's more specific and aligns with the image. Material contradiction (current copy says 'cotton-rich', actual material is 'Polyester Blend') strictly followed the rule to use `material composition` data.",,,,2970,2971
NOT SCORED,,,,,,Dynamocks Crimson Red Striped Cotton Dress Socks – Stripes 23.0,https://dynamocks.us/products/stripes-23-0-premium-combed-cotton-dress-socks-for-men-women,,Red Multi-Stripe Combed Cotton Dress Socks for Men & Women,"Crimson red striped cotton dress crew socks — a vibrant designer stripe in breathable combed cotton with a secure fit. Dynamocks Stripes 23.0, sizes 6–12, men & women.","Cool red multi-striped combed cotton dress socks for men & women. Enjoy breathable comfort and a secure, stay-put fit with these vibrant dress-ready socks.","The photographs show crew-length socks with vibrant multi-colored horizontal stripes (red, orange, yellow, green, blue, purple, black) and solid red cuffs, heels, and toes. Frames 2 and 3 show the socks worn with formal attire, confirming `PRODUCT KIND: dress`. Followed PATH C for dress and formal wear, prioritizing material and ""dress socks"" over ""crew socks."" Focused on ""Red Multi-Stripe Combed Cotton Dress Socks for Men & Women"" to capture specific color/pattern, material, product type, and gender, which aligns with high-demand search terms for this segment and the product's actual attributes.",,,,2284,2285
NOT SCORED,,,,,,Dynamocks Turquoise Striped Cotton Crew Socks – Stripes 25.0,https://dynamocks.us/products/stripes-25-0-premium-turquoise-striped-cotton-crew-socks-colorful-designer-socks,,Turquoise & Orange Striped Crew Socks for Men & Women,"Premium turquoise striped cotton crew socks — a bold colourful designer pair in breathable combed cotton with a secure fit. Dynamocks Stripes 25.0, sizes 6–12, men & women.","Step out in style with these eye-catching Turquoise & Orange striped crew socks for men & women. Crafted from a comfortable combed cotton blend, they provide a breathable and secure fit for all-day wear. Perfect for adding a bold pop of color to work or casual outfits, these cotton crew socks are designed to make a statement.","Frames 1-3 show a pair of crew socks with a prominent turquoise cuff, orange heel/toe, and numerous thin, bright multi-color stripes. Decided on PATH A (single, casual). Led with ""Turquoise & Orange"" as the most distinct dominant colors on the sock, followed by ""Striped Crew Socks"". Aimed to be specific on color and motif to improve click-through, rejecting generic ""Colorful"" or ""Patterned"" per instructions. ""for Men & Women"" is included as a high-demand modifier. The `seo_title` omits `| Dynamocks` to stay under 60 characters, prioritizing color, motif, length, and gender per the instruction to ""Drop `| Dynamocks` before you drop the colour"".",,,,2287,2288
LOOK AT THIS,0,4,0,3,"Hexagon print"" confid",Dynamocks Black & White Geometric Cotton Crew Socks – HEX,https://dynamocks.us/products/cotton-ankle-socks-hex-crew-length-socks,,Black & White Geometric Crew Socks for Men & Women,"Black & white geometric cotton crew socks — a bold hex pattern in breathable combed cotton with a secure fit. Dynamocks HEX, sizes 6–12, men & women.","Cool Black & White Geometric Crew Socks for men & women. Enjoy breathable combed cotton and a secure, stay-put fit for all-day style.","Photographs show black and white crew socks featuring an interlocking oval geometric pattern, worn by a man in a suit, and as a standalone pair. This product is a single pair, following Path A (single, casual). I focused on high-demand search terms for colour and length, prioritizing 'Black & White' and 'Crew Socks'. The motif is described as 'Geometric' as it is a plain, accurate term for the pattern, and avoids the low-demand specific pattern words like 'Hexagon'. 'for Men & Women' is included as a top search modifier. The aim is to improve click-through for the existing impressions by aligning with common search patterns.",,,,2209,2210
LOOK AT THIS,2,3,2,3,"Leopard Print"" confidently names an animal pattern that isn't there — the socks carry small black ikat/diamond medallion motifs on heather gray — while the gray/yellow colorway and combed cotton claim are correct, and the tacked-on ""for Men & Women"" pads the title past the tight, term-first format.",Dynamocks Bold Polka Dot Cotton Crew Socks – Rogue,https://dynamocks.us/products/rogue-crew-length-socks-cotton-crew-socks,,Cool Grey & Black Geometric Crew Socks for Men & Women | Dynamocks,"Bold polka dot cotton crew socks — an independent, eye-catching look in breathable combed cotton with a secure fit. Dynamocks Rogue, sizes 6–12, men & women.","Step out in style with cool grey and black geometric crew socks for men & women. Made from soft combed cotton for breathable comfort, these funky socks feature a secure, stay-put fit. Perfect for everyday wear or adding a bold touch to any outfit.","The photographs show light grey crew socks with a repeating black geometric pattern and bright yellow cuffs and heels. The existing title and tags (`Polka Dot`, `Rogue`) contradict the visual evidence; the pattern is geometric, not polka dots. This product is a single pair, casual, following PATH A. Chose ""Cool Grey & Black Geometric"" for the title as colour and length carry demand, and ""geometric"" is the plainest description of the motif, rejecting the low-demand ""polka dot"".",,,,2354,2355
LOOK AT THIS,3,4,3,3,"Calling the colorway ""Teal & Orange"" leans on a thin trim stripe while ignoring the dominant golden-yellow cuffs, heels and toes, and ""maze geometric"" stacks two words on one idea that no shopper types together.",Dynamocks Maze Geometric Cotton Crew Socks – Crew,https://dynamocks.us/products/maze-crew-length-socks-cotton-crew-socks,,Cool Teal & Orange Maze Crew Socks for Men & Women | Dynamocks,"Maze geometric cotton crew socks — an intricate patterned look in breathable combed cotton with a secure fit. Dynamocks, sizes 6–12, men & women.","Step out in cool teal & orange maze crew socks for men & women. This intricate, playful pattern is made from breathable combed cotton for comfort and a secure, stay-put fit.","Photographs show crew-length socks with a maze-like pattern in shades of teal, aqua, and white, accented by bright orange-yellow cuffs, heels, and toes. This is a single, casual product (PATH A). Chose 'Cool Teal & Orange Maze Crew Socks' to prioritize dominant colors and 'cool' as a high-demand adjective, while using 'Maze' as a specific, plain-word motif to differentiate from generic 'Geometric' titles already taken.",,,,2212,2213
,4,3,,,,Dynamocks Beam Geometric Cotton Crew Socks – Crew,https://dynamocks.us/products/cotton-crew-socks-beam-crew-length-socks,,Cool Teal & Yellow Triangle Print Crew Socks for Men & Women | Dynamocks,"Beam geometric cotton crew socks — a dynamic patterned look in breathable combed cotton with a secure fit. Dynamocks, sizes 6–12, men & women.","Cool Teal & Yellow triangle print crew socks for men & women. Made from soft combed cotton for breathability and a secure, stay-put fit for all-day wear. Dynamocks.","Photographs show crew-length socks with a vibrant pattern of teal, yellow, and light green/white triangles. Frame 1 is the main product shot; frame 2 shows them on feet; frame 3 shows them crossed on feet. Product kind is ""single"", so followed PATH A (single pair, casual). Led with ""Teal & Yellow"" (colour, 51% demand) and ""Crew"" (length, 58% demand). Used ""Triangle Print"" motif for specificity, given that generic ""Geometric Print"" is already taken by four other products. Included ""for Men & Women"" as the most common market modifier. Rejected ""Beam Geometric"" from the internal title as it has no search demand and is too generic.",,,,2329,2330
,4,3,5,4,"The colors, crew length and combed-cotton fibre are all correct, but the tacked-on ""for Men & Women"" is an unsupported unisex claim (photos show only menswear styling) and pushes the title past 60 characters with filler no shopper types.",Dynamocks Purple & Mango Pattern Cotton Crew Socks – Classic,https://dynamocks.us/products/cotton-crew-socks-classic-crew-length-socks,,Purple & Mango Geometric Crew Socks for Men & Women | Dynamocks,"Purple & mango polka dot cotton crew socks — a classic look in breathable combed cotton with a secure fit. Dynamocks Classic, sizes 6–12, men & women.","Step out in style with these Purple & Mango Geometric Crew Socks. Crafted from soft combed cotton, they offer breathable comfort and a secure, stay-put fit for men & women. Add a cool, funky touch to any outfit.","Frames 1-3 show vivid purple crew socks with a repeating mango/yellow geometric pattern, styled with formal shoes. Frame 2 is an isolated product shot. Chose Path A (single, casual) because the `PRODUCT KIND` is `single` and `product_type` is `Crew`, despite the dressy presentation in some photos. Prioritized 'Purple & Mango' and 'Crew Socks' based on high search demand for color and length, adding 'Geometric' as the motif to describe the pattern accurately. Rejected 'polka dot' from existing copy as it's visually incorrect.",,,,2381,2382
,4,3,4,4,"Clover Pattern"" is a defensible read of the four-lobed navy motif but adds a redundant stacked descriptor, and the tacked-on ""for Men & Women"" pushes the title past the short, term-first format shoppers actually type.",Dynamocks Plush Soft Polka Dot Cotton Crew Socks – Crew,https://dynamocks.us/products/plush-crew-length-socks-cotton-crew-socks,,Teal & Navy Floral Print Crew Socks for Men & Women | Dynamocks,"Plush soft polka dot cotton crew socks — an exceptionally soft snug pair in breathable combed cotton. Dynamocks, sizes 6–12, men & women.","Add a pop of style with cool Teal & Navy Floral Print Crew Socks. Crafted from soft, breathable combed cotton, these comfortable crew length socks offer all-day comfort and a stay-put fit for men & women.","Photographs show vibrant teal (mint green) and dark blue (navy) crew length socks with a repeating floral/quatrefoil-like pattern. Path A (single, casual) was followed. Led with 'Teal & Navy Floral Print Crew Socks' because colour and length carry traffic, and 'floral print' is a plain, accurate description from the image, overriding the inaccurate 'Polka Dot' from product data.",,,,2375,2376
,4,3,4,3,"The word ""Block"" is a loose stand-in for the wavy staggered stripe pattern actually shown, and the title opens with the filler adjective ""Cool"" while dropping the Dynamocks brand tag that the approved titles carry.",Dynamocks Multicolor Cotton Crew Socks – Wonky,https://dynamocks.us/products/cotton-ankle-socks-wonky-unisex-crew-length-socks,,Cool Multicolor Block Crew Socks for Men & Women,"Multicolor cotton crew socks — a fun quirky design in breathable combed cotton with a secure fit. Dynamocks Wonky, sizes 6–12, men & women.","Step out in cool multicolor block crew socks for men, or funky patterned socks for women. Made with breathable combed cotton for a secure, stay-put fit all day. Designed to last, holding color and shape wash after wash.","The photographs show a single pair of crew-length socks with a vibrant block/geometric pattern in yellow, orange, teal, green, and white, with solid purple cuffs, heels, and toes. This is a single pair, casual product (PATH A). Aimed for ""cool socks for men"" and ""funky socks for women"" keywords, leading with ""Multicolor Block"" motif as colour and pattern carry demand. Rejected generic ""Geometric Print"" for being too vague for this specific pattern.",,,,2548,2549
,4,5,5,4,"The title's ""Teal & White"" leaves out the dominant black base that the phot",Cotton Ankle Socks: STRIPES 15.0 Ankle Length Socks,https://dynamocks.us/products/cotton-ankle-socks-stripes-15-0-ankle-length-socks,"Stripes 15.0 Cotton Ankle Socks | Vibrant, Comfy, and Stylish","Funky Black, White & Teal Striped Ankle Socks for Men & Women | Dynamocks","Step into bold style with Stripes 15.0 Cotton Ankle Socks! These ankle-length socks feature dynamic stripes in a mix of vibrant colors, adding a fun twist to your everyday wear. Crafted from breathable cotton, they provide all-day comfort and support. Perfect for casual outings, workouts, or lounging at home, these socks are designed to keep your feet feeling fresh while looking stylish. Embrace the perfect blend of fashion and function with Dynamocks' Stripes 15.0!","Step up your style with these cool black, white, and teal striped ankle socks. Crafted from soft combed cotton, they provide comfortable, breathable wear for men and women. Perfect for adding a funky touch to everyday outfits or casual adventures.","Photographs show black, white, and teal striped ankle socks; frames 1-3 depict the product clearly. Following Path A for a single, casual pair of socks. Chose `Funky Black, White & Teal Striped Ankle Socks for Men & Women` to leverage demand for color, length, and ""funky"" while ensuring distinctness from similar existing titles, as ""cool"" and ""funky"" outrank ""colorful"".",,,,2985,2986
,5,2,5,3,"Every claim including ""combed cotton"" checks out, but leading with the color string ""Blue, Orange & Yellow"" plus the vague ""Funky"" instead of the actual searchable pattern term ""Bubble Polka Dot"" — and dropping the Dynamocks brand tag — cost the most points.",Dynamocks Bubble Polka Dot Cotton Crew Socks – Bubbles,https://dynamocks.us/products/cotton-crew-socks-bubbles-crew-length-socks,,Blue & Orange Funky Bubble Print Crew Socks for Men & Women | Dynamocks,"Bubble polka dot cotton crew socks — a playful look in breathable combed cotton with a secure fit. Dynamocks Bubbles, sizes 6–12, men & women.","Add a pop of color with these funky blue, orange & yellow bubble print crew socks. Made from soft combed cotton for a breathable, secure, stay-put fit for men & women.","The photographs show a single pair of crew-length socks with a blue base and irregular, organic orange and yellow bubble-like patterns. Ignored image 1 as a lifestyle shot and image 3 with the dog. This is a single pair, casual product (Path A). Chose ""Funky Blue, Orange & Yellow Bubble Print Crew Socks"" over ""Bubble Polka Dot"" or ""Geometric"" as the shapes are not true polka dots or strict geometric forms, and ""funky"" is a preferred adjective over ""colorful"" or ""vibrant."" This aims for colour and length demand, which are high-volume, combined with descriptive terms for the specific visual pattern.",,,,2338,2339
,5,2,4,4,"The title's opening filler adjective ""Cool"" plus the stacked ""Black, Orange & Neon Geometric"" color string and ""for Men & Women"" tail push it to 74 characters and bury the actual search term, while the description's only soft spot is the unphotographable ""secure, stay-put fit"" claim.",Dynamocks Neon Multicolor Cotton Crew Socks – NEON,https://dynamocks.us/products/cotton-crew-socks-neon-crew-length-socks,,Black Neon Funky Crew Socks for Men & Women | Dynamocks,"Neon multicolor cotton crew socks — a bold bright look in breathable combed cotton with a secure fit. Dynamocks NEON, sizes 6–12, men & women.","Step into style with our funky black and neon crew socks. Made from breathable combed cotton, these cool socks for men & women feature a bold abstract pattern and secure, comfortable fit.","The photographs show black crew socks with a bold, multicolor abstract pattern in neon orange, blue, green, and yellow shapes, with neon orange cuffs, heels, and toes. This is a single pair, so followed Path A (casual). Chose ""Black Neon Funky"" over ""Neon Multicolor"" to incorporate ""black"" as the dominant background color, and ""funky"" as a preferred adjective, avoiding the already taken ""Funky Multicolor Geometric"" title.",,,,2491,2492
,5,2,5,4,"""Geometric Triangle"" stacks two words on one idea — no American shopper types both — which caps the title's search score even though every color cla",Prism Ankle Length Socks: A Spectrum of Color for Your Feet,https://dynamocks.us/products/prism-ankle-length-socks-a-spectrum-of-color-for-your-feet,,"Yellow, Purple, Turquoise Ankle Socks for Men & Women | Dynamocks","Unleash your inner rainbow! Prism Ankle Socks (Cotton Blend) add a burst of color to your day. Breathable & comfy, they let your feet celebrate with every step.","Step up your style with these cool yellow, purple, and turquoise geometric ankle socks. Crafted from soft combed cotton for men & women, they offer a breathable, stay-put fit for all-day comfort. Perfect for adding a fun pop of color to any casual outfit.","Frames 2-4 show a geometric triangle pattern in yellow, purple, black, and white, with prominent turquoise cuffs and toes. Frame 1 is a sale banner. This is a single, casual ankle sock. Led with ""Yellow, Purple, Turquoise Ankle Socks"" over ""Prism"" or generic ""Geometric Print"" because colour and length are primary search drivers and geometric patterns are a secondary concern (2.5% demand).",,,,2575,2576
,5,2,5,4,"""Geometric Pattern"" stacks two words on one idea in the title — no shopper types both — while every color, placement and fabric claim is otherwise supported by the photos and product data.",TANGY ANKLE LENGTH SOCKS - Cotton Ankle Socks,https://dynamocks.us/products/tangy-ankle-length-socks-cotton-ankle-socks,,Orange & Blue Geometric Ankle Socks for Men & Women | Dynamocks,TANGY ANKLE LENGTH SOCKS:  Add a burst of zest to your style! Breathable combed cotton and a comfortable fit.,"Step out in fun with these orange & blue geometric ankle socks for men & women. These cool, short socks are made with breathable combed cotton, ensuring all-day comfort and a stay-put fit.","The photographs show ankle-length socks with a vibrant orange body featuring a white geometric pattern, and prominent blue cuffs, heels, and toes. This is a single pair, casual product (Path A). I chose ""Orange & Blue Geometric Ankle Socks for Men & Women"" for the title to lead with the dominant colors and length, as colour (51%) and length (58%) carry the most demand. ""Geometric"" is used as a plain word to describe the pattern, which is secondary demand (2.5%). This avoids near-matches with existing titles using ""Orange, Blue & Purple Geometric Ankle Socks.",,,,2602,2603
,5,2,5,4,"""Geometric Cube"" stacks two words on one idea — no American sh",Cotton Ankle Socks: CUBE Ankle Length Socks,https://dynamocks.us/products/cotton-ankle-socks-cube-ankle-length-socks,Cotton Ankle Socks – CUBE Ankle Length Socks | Modern & Geometric,Blue & Orange Cube Print Ankle Socks for Men & Women | Dynamocks,"Step into a stylish new look with our Cotton Ankle Socks featuring the CUBE design. These ankle-length socks combine a modern, geometric pattern with soft, comfortable cotton, perfect for adding a touch of contemporary flair to your everyday wear. Ideal for those who appreciate sleek and trendy fashion. Shop now at Dynamocks and enjoy the perfect blend of comfort and cutting-edge style with these unique socks!",Make a statement with these cool Blue & Orange Cube Print Ankle Socks. Their bold geometric design offers modern style and comfort for men and women's everyday wear.,"Frames 1-3 show ankle socks with a multi-color cube pattern in blue (teal/aqua), orange, black, and white. Path A (single, casual) applies. Chose 'Blue & Orange Cube Print Ankle Socks' for specific colors and 'ankle socks' (1503 impressions), using 'Cube Print' motif over generic 'Geometric' for distinctiveness and to avoid clashes with existing titles.",,,,2994,2995
,5,2,,,,Dynamocks Classic Striped Cotton Crew Socks – Stripes 18.0,https://dynamocks.us/products/cotton-crew-socks-stripes-18-0-crew-length-socks,,Funky Striped Crew Socks for Men & Women | Dynamocks,"Classic striped cotton crew socks — a timeless striped pattern in breathable combed cotton with a secure fit. Dynamocks Stripes 18.0, sizes 6–12, men & women.","Step out in bold style with these funky striped crew socks for men & women. Made from breathable combed cotton for comfort, they offer a secure, stay-put fit for all-day wear. Perfect for adding a pop of color to any outfit.","The photographs show a single pair of crew-length socks with horizontal stripes in maroon, yellow, orange, and teal. This is a single pair, casual product, following Path A. Led with ""Funky Striped Crew Socks"" to capture the demand for ""cool"" and ""funky"" socks, which outranks ""colorful,"" and to ensure the title is under 60 characters for optimal visibility.",,,,2251,2252
,5,2,,,,"Cotton Ankle Socks Combo: Black, Mono, White, Houndstooth Designs",https://dynamocks.us/products/cotton-ankle-socks-black-mono-white-houndstooth,"Cotton Ankle Socks Combo – Black, Mono, White & Houndstooth Designs",4-Pair Black & White Assorted Ankle Sock Set for Men & Women | Dynamocks,"Elevate your sock collection with the Cotton Ankle Socks Combo featuring classic Black, Mono, White, and Houndstooth designs. These stylish and versatile socks add a touch of sophistication to any outfit while providing all-day comfort. Perfect for those who appreciate timeless patterns with modern flair. Shop now at Dynamocks and step into chic, comfortable style!","Step into cool style with this 4-pair set of black & white ankle socks. Featuring solid, wavy, and classic houndstooth patterns, these comfortable cotton socks are perfect for men and women everyday wear. Made with 85% Cotton, 13% Spandex, 2% Elastic.","The photographs show a 4-pair multipack of ankle socks with distinct black and white designs: one wavy/geometric pattern, one solid white, one solid black, and one houndstooth pattern. This falls under PATH B for multipacks. I chose ""Assorted Ankle Sock Set"" to address the high search demand for ""ankle socks"" and ""black & white"" while adhering to the rule of not naming individual designs in multipack titles. I rejected naming individual patterns like ""houndstooth"" in the title to follow Path B instructions, but included it in the description.",,,,3042,3043
,5,2,,,,"Cotton Ankle Socks Combo: Mono, Houndstooth, Zebra Designs",https://dynamocks.us/products/cotton-ankle-socks-mono-houndstooth-zebra,"Cotton Ankle Socks Combo – Mono, Houndstooth & Zebra Designs | Stylish & Classic",3-Pair Black & White Ankle Sock Pack for Men & Women,"Upgrade your sock collection with the Cotton Ankle Socks Combo featuring Mono, Houndstooth, and Zebra designs. This combo blends classic patterns with a touch of modern style, offering a chic and versatile addition to your wardrobe. Perfect for those who appreciate timeless fashion with a contemporary twist. Shop now at Dynamocks and enjoy a blend of elegance and comfort with these stylish socks!","Elevate your everyday style with this 3-pair pack of cool black & white ankle socks. Featuring classic houndstooth, bold zebra, and unique wavy patterns, these cotton ankle socks for men and women offer breathable comfort and a fun, modern touch. Perfect for work, leisure, or as a thoughtful gift set.","The photographs show a 3-pair multipack of black and white ankle socks featuring wavy (Mono), houndstooth, and zebra patterns. Frames 2-4 are lifestyle shots. Followed PATH B for multipacks. Prioritized ""Black & White Ankle Sock Pack for Men & Women"" for `seo_title` as colour (51%) and length (58%) carry the most demand, and gender is the biggest modifier. Rejected the original title's structure for SEO as it led with internal names (Mono, Houndstooth, Zebra) which have no search volume.",,,,3090,3091
,5,3,5,4,"Every claim — the purple base with yellow and teal confetti dashes, teal cuff/heel/toe, and ""combed cotton"" — matches the photos and spec, but the title's leading filler word ""Funky"" plus the three stacked color names push the searchable term ""Confetti Crew Socks"" too far right.",Dynamocks Confetti Polka Dot Cotton Crew Socks – Crew,https://dynamocks.us/products/cotton-crew-socks-confetti-crew-length-socks,,"Purple, Yellow & Teal Confetti Crew Socks for Men & Women","Confetti polka dot cotton crew socks — a fun festive design in breathable combed cotton with a secure fit. Dynamocks, sizes 6–12, men & women.","Inject fun into your footwear with these funky purple, yellow & teal confetti cotton crew socks. Designed for men and women, they feature a bold pattern and a breathable, secure fit for all-day comfort.","Frames 1-3 display crew socks featuring a dark purple base with irregular yellow and teal confetti-like dots, with teal cuffs, heels, and toes. Ignored an apparent lifestyle shot. Followed Path A for single, casual socks, prioritizing dominant colors and length due to high search demand. Chose 'Confetti' as the motif to reflect the visual and internal tag, and 'Funky' as a preferred adjective, ensuring the listing is distinct from ""Funky Multicolor Geometric Crew Socks"".",,,,2423,2424
,5,3,5,4,"Both are visually correct and name the true dominant fibre (""combed cotton""), but the title's ""for Men & Women"" filler pushes it past 60 characters and buries the ""Criss-Cross Crew Socks"" search term behind stacked color words.",Dynamocks Criss-Cross Geometric Cotton Crew Socks,https://dynamocks.us/products/criss-cross-crew-length-socks-stand-out-with-style,,Bold Dark Gray & White Criss-Cross Crew Socks for Men & Women,"Criss-cross geometric cotton crew socks — a bold patterned look in breathable combed cotton with a secure fit. Dynamocks, sizes 6–12, men & women.","Bold dark gray & white criss-cross crew socks for men & women from Dynamocks. Soft combed cotton provides breathable comfort with a secure, stay-put fit.","Frames 1-3 show dark gray (charcoal) crew socks with a repeating white criss-cross pattern and black cuff/heel/toe. This is a single pair, casual product. I chose to lead with 'Dark Gray & White' and 'Crew Socks' as colour and length carry the most search demand, followed by 'Criss-Cross' as the specific motif. I incorporated ""bold"" as a preferred adjective.",,,,2429,2430
,5,3,5,3,"Colors, pattern and ""combed cotton"" all check out against the photos and spec, but the title's ""Funky"" opener plus the redundant ""for Men & Women"" tail pushes it to 66 characters and buries the actual search term ""Green Geometric Crew Socks.""",Dynamocks Grill Novelty Cotton Crew Socks – Crew,https://dynamocks.us/products/cotton-crew-socks-grill-crew-length-socks,,Green & Teal Geometric Crew Socks for Men & Women | Dynamocks,"Grill novelty cotton crew socks — a fun BBQ design in breathable combed cotton with a secure fit. Dynamocks, sizes 6–12, men & women.","Cool Green & Teal geometric crew socks for men & women add a bold, funky touch to any outfit. Made with soft combed cotton for all-day comfort and a secure, stay-put fit, these crew length socks are perfect for everyday wear.","Frames 1-3 show green, teal, and white interwoven geometric pattern crew socks. Ignored the old product title ""Grill Novelty Cotton Crew Socks"" as it contradicts the images, prioritizing photos per grounding rule #4. Followed Path A (single, casual) based on PRODUCT KIND. Chose ""Green & Teal Geometric Crew Socks"" over generic ""Geometric Print Crew Socks"" to lead with specific colors which carry half of all demand.",,,,2411,2412
,5,3,5,4,"Every claim checks out — ""yellow, black & mint striped"" matches the photos and ""combed cotton"" matches the 85% spec — but stacking three colour words plus the ""for Men & Women"" filler pushes the title to 66 characters and buries the actual search term ""Striped Crew Socks.""",Dynamocks Bold Geometric Cotton Crew Socks – HUNK,https://dynamocks.us/products/cotton-crew-socks-hunk-crew-length-socks,,"Funky Yellow, Mint Green & Black Crew Socks | Dynamocks","Bold geometric cotton crew socks with a confident look — breathable combed cotton with a secure fit. Dynamocks HUNK, sizes 6–12, men & women.","Step out in cool style with these funky yellow, mint green & black crew socks. Crafted from breathable combed cotton for a secure, stay-put fit, perfect for men & women.","Frames 1-3 show yellow, black, and mint green wavy striped crew socks. Grounded in Path A (single, casual). Chose 'Funky Yellow, Mint Green & Black Crew Socks' over 'Bold Geometric' because pattern words are low demand (2.5%), 'funky' is a preferred term, and specific colours carry higher search volume, leading to a unique and searchable title.",,,,2460,2461
,5,3,5,4,"Every visible claim — black/white maze pattern, blue cuff and toe, crew length, combed cotton — checks out, but the title buries the actual search term ""Maze Crew Socks"" behind a three-color string and the filler ""for Men & Women,"" costing search points.",Dynamocks Mayan-Inspired Cotton Crew Socks,https://dynamocks.us/products/mayan-crew-length-socks-add-unique-style-cotton-crew-socks,,Black & White Maze Crew Socks for Men & Women | Dynamocks,"Mayan-inspired cotton crew socks with a bold cultural pattern — breathable combed cotton, secure stretch fit. Dynamocks MAYAN, sizes 6–12, men & women.","Make a statement with these striking black & white maze crew socks for men & women. Crafted from soft, breathable combed cotton for all-day comfort and a secure, stay-put fit.","Frames 1-3 show black and white maze-like geometric pattern socks with blue cuffs, heels, and toes. Photos 2 and 3 confirm suitability for men and women. This is a single pair, casual product, so followed PATH A. Prioritized 'Black & White' (colour, 51% demand) and 'Crew Socks' (length, 58% demand). Chose 'Maze' as the plain, descriptive motif over ""Mayan-Inspired"" which is less searched, and pattern words are only 2.5% of demand. Included 'for Men & Women' as the most common modifier, confirmed by the imagery.",,,,2478,2479
,5,3,4,3,"The colors, geometric print and combed cotton are all verifiable, but the unsupported ""Sizes 6-12"" claim and the padded ""for Men & Women"" phrase that stretches the title past 60 characters cost the most points.",Dynamocks Geometric Cotton Crew Socks – MIRAGE,https://dynamocks.us/products/cotton-crew-socks-mirage-crew-length-socks,,"Black, White & Yellow Geometric Crew Socks for Men & Women | Dynamocks","Geometric cotton crew socks with an eye-catching pattern — breathable combed cotton and a secure, stay-put fit for everyday wear. Dynamocks MIRAGE, sizes 6–12, men & women.","Add a bold statement with these cool black, white & yellow geometric crew socks. Knit from soft combed cotton for breathability, they feature a dynamic, eye-catching pattern and a stay-put fit that won't slip. Perfect funky socks for men & women.","Photographs show black, white, and yellow geometric crew socks, worn by a man in professional attire in frames 1 & 3, with a product shot in frame 2. This is a single pair, casual product (Path A). Prioritized 'Black, White & Yellow Geometric Crew Socks' over 'Geometric Print Crew Socks' to lead with colour (51% of demand) and specify the contrasting yellow, as motif words are only 2.5% of demand. Chose ""cool"" for tone over ""colorful.",,,,2215,2216
,5,3,5,4,"Every visible claim checks out — the triangle geometry, the orange/purple/blue palette and the correct ""combed cotton"" — but the title burns its front position on a three-colour stack and closes with the filler ""for Men & Women"" instead of the brand, pushing it away from the approved ""Geometric Crew Socks | Dynamocks"" pattern.",Dynamocks Vibrant Geometric Cotton Crew Socks – PIZZAZZ,https://dynamocks.us/products/pizzazz-crew-length-socks-cotton-crew-socks,,"Orange, Purple & Teal Geometric Crew Socks for Men & Women | Dynamocks","Vibrant geometric cotton crew socks — a bold personality-packed design in breathable combed cotton. Dynamocks PIZZAZZ, sizes 6–12, men & women.","Step into style with these cool orange, purple & teal geometric crew socks. Made from soft combed cotton for breathable comfort and a secure, stay-put fit. Perfect funky designer socks for men & women.","The photographs show crew-length socks with an abstract geometric pattern in vibrant orange, purple, teal/aqua, yellow, and white. This is a single pair, casual product, confirmed by `PRODUCT KIND: single`. I chose to lead with the prominent colors (Orange, Purple & Teal) to align with colour being half of all search demand, and used ""Geometric"" as a secondary motif. I rejected ""Funky Multicolor Geometric Crew Socks"" because it's already taken by another product.",,,,2500,2501
,5,3,5,4,"Every claim checks out — white cross motifs on black with teal heel/toe and ""combed cotton"" matching the 85% spec — but the title's ""for Men & Women"" filler is dead weight that pushes it past 60 characters and delays the brand, costing search points.",Dynamocks Plus Polka Dot Cotton Crew Socks – Crew,https://dynamocks.us/products/plus-crew-length-socks-cotton-crew-socks,,Black & Teal Cross Pattern Crew Socks for Men & Women | Dynamocks,"Plus polka dot cotton crew socks — a clean dotted design in breathable combed cotton with a secure fit. Dynamocks, sizes 6–12, men & women.","Cool black & teal cross pattern crew socks. Enjoy soft combed cotton for breathable comfort and a secure, stay-up fit. Funky style for men & women.","Images show black crew socks with a repeating white cross pattern and teal heel/toe. Followed Path A for single, casual socks. Prioritized ""Black & Teal"" and ""Crew Socks"" for color and length demand, and used ""Cross Pattern"" for accuracy over the internal ""Polka Dot"" or generic ""Geometric Print"".",,,,2372,2373
,5,3,5,4,"Every colour and the combed cotton claim match the photos and spec, but the title's three-colour stack plus the ""for Men & Women"" filler pushes it to 69 characters and buries the actual search term ""Geometric Crew Socks.""",Dynamocks Blue & Yellow Geometric Cotton Crew Socks – Prism,https://dynamocks.us/products/cotton-crew-socks-prism-crew-length-socks,,Yellow & Purple Triangle Crew Socks for Men & Women | Dynamocks,"Blue, yellow & black geometric cotton crew socks — a colourful prism design in breathable combed cotton with a secure fit. Dynamocks Prism, sizes 6–12, men & women.","Step into bold style with these cool yellow and purple triangle crew socks for men & women. Crafted from soft combed cotton, they offer a breathable, stay-put fit for all-day comfort. Add a funky geometric touch to any outfit.","Frames 1-3 show crew length socks with a dominant pattern of yellow, purple, black, and white triangles, accented with light blue on the cuff and toe. This is a single pair, casual product (PATH A). I chose to lead with ""Yellow & Purple Triangle"" as the motif, prioritizing colour and length demand (51% and 58% respectively) over the less specific ""Geometric"" (2.5% demand) and the internal ""Prism"" tag. The accent blue is mentioned in the description rather than the title to focus on the dominant pattern colours.",,,,2218,2219
,5,3,5,4,"Colors, diamond motif and ""combed cotton"" all check out against the photos and spec, but the title's filler lead-in ""Cool"" plus the tacked-on ""for Men & Women"" pads it past 60 characters and buries the actual search term ""Diamond Crew Socks.""",Dynamocks Rangoli Colorful Cotton Crew Socks – Crew,https://dynamocks.us/products/rangoli-crew-length-socks-cotton-crew-socks,,Cool Maroon & Teal Diamond Crew Socks for Men & Women | Dynamocks,"Rangoli colorful cotton crew socks — a vibrant Indian-inspired pattern in breathable combed cotton with a secure fit. Dynamocks, sizes 6–12, men & women.","Step out in style with our cool Maroon & Teal Diamond Crew Socks for men and women. Crafted from soft combed cotton, these fun socks feature a vibrant diamond pattern and a secure, stay-put fit for all-day comfort.","The photographs clearly show crew-length socks with a primary maroon background, a teal cuff/heel/toe, and an interlocking diamond pattern featuring teal, yellow, and white elements. Path A (single pair, casual) was chosen. Led with ""Maroon & Teal Diamond Crew Socks for Men & Women"" to prioritize colour and length (58% of demand) and a specific pattern descriptor, rejecting the generic ""Geometric"" as it's already used by multiple products and represents only 2.5% of demand.",,,,2221,2222
,5,3,4,3,"The colour and ""wavy"" claims are all verifiable and ""combed cotton"" matches the spec, but leading the title with a three-colour string plus ""for Men & Women"" instead of the searchable head term (""Wavy Crew Socks"") pushes it to 63 characters and away from the approved short-title pattern, while ""breathable fabric"" is an unsupported comfort claim.",Dynamocks Ultra-Soft Cotton Crew Socks – SWOON,https://dynamocks.us/products/cotton-crew-socks-swoon-crew-length-socks,,"Teal, Orange & Yellow Wavy Crew Socks for Men & Women | Dynamocks","Ultra-soft combed cotton crew socks (Dynamocks SWOON) — breathable and gentle on skin, with a secure fit for everyday comfort. Sizes 6–12, men & women.","Experience all-day comfort with these cool, ultra-soft combed cotton crew socks for men & women. Their bold teal, orange & yellow wavy design brings a funky touch to any look, featuring a secure, stay-put fit and breathable fabric.","Frames 1-3 show a pair of crew socks with a prominent wavy pattern in teal, orange, and yellow on a darker background, with black cuffs, heels, and toes. The model is male, but the product description states ""for men and women"". This product is a single pair, following Path A (single pair, casual). Chose ""Teal, Orange & Yellow Wavy"" over generic ""colorful"" or ""patterned"" as specific colours and a plain motif word (wavy) carry more search demand and clarity.",,,,2524,2525
,5,3,5,4,"Every visual and fibre claim checks out (purple/yellow/white abstract, combed cotton), but the title buries the actual search term behind a three-color string and pads it with ""for Men & Women,"" pushing it to 70 characters instead of leading with ""Abstract Crew Socks.""",Dynamocks Techno Modern Cotton Crew Socks – Crew,https://dynamocks.us/products/techno-crew-length-socks-cotton-crew-socks,,"Purple, Yellow & White Abstract Crew Socks for Men & Women | Dynamocks","Techno modern cotton crew socks — a bold contemporary design in breathable combed cotton with a secure fit. Dynamocks, sizes 6–12, men & women.","Step out in cool, funky style with these bold purple, yellow & white abstract crew socks. Made from soft combed cotton for a breathable, stay-put fit for men & women.","The photographs show a single pair of crew length socks in purple, yellow, and white with an abstract/geometric pattern. This is a single pair, casual product (PATH A). I prioritized ""Purple, Yellow & White"" and ""Crew"" as colour and length carry the most search demand, using ""Abstract"" as the simple motif. I rejected ""Techno Modern"" as it's an internal label and not a searched pattern.",,,,2536,2537
,5,3,5,4,"""Jagged"" stacks a second word",Dynamocks Navy & Teal Geometric Cotton Crew Socks – URBANE,https://dynamocks.us/products/cotton-crew-socks-urbane-crew-length-socks,,"Purple, Yellow & Teal Zigzag Crew Socks for Men & Women | Dynamocks","Navy, yellow & teal geometric cotton crew socks with a sophisticated look — breathable combed cotton, secure fit. Dynamocks URBANE, sizes 6–12, men & women.","Step out in our funky Purple, Yellow & Teal Zigzag Crew Socks for men & women. Crafted from breathable combed cotton for a secure, stay-put fit and all-day comfort. Perfect for adding a bold pop of color to any outfit.","Frames 1-3 show a distinct purple, yellow, and teal zigzag pattern on crew-length socks. The accent colours (cuff, heel, toe) are teal. This contradicts the internal product data's 'Navy & Teal Geometric'. Per the owner note, images take precedence over text mismatches. This is a single pair, so Path A applies. Led with Purple, Yellow & Teal to match visual demand (colour is 51% of demand), followed by specific pattern (zigzag) and length (crew), aiming for distinctiveness from other geometric socks.",,,,2366,2367
,5,3,,,,"Cotton Ankle Socks: STRIPES 2.0 Ankle Length Socks (Teal green, black & white)",https://dynamocks.us/products/cotton-ankle-socks-stripes-2-0-ankle-length-socks,"Stripes 2.0 Cotton Ankle Socks (Teal Green, Black & White) | Stylish & Comfortable","Teal Green, Black & White Striped Ankle Socks for Men & Women | Dynamocks","Add a stylish flair to your wardrobe with Stripes 2.0 Cotton Ankle Socks! These ankle-length socks feature bold stripes in teal green, black, and white, delivering a trendy yet comfortable fit. Made from high-quality cotton, they offer superior breathability, making them perfect for daily wear. ","Step out in style with our cool Teal Green, Black & White striped ankle socks. Perfect for men and women, these fun ankle socks feature bold stripes for a unique look. Crafted from a soft combed cotton blend, they provide a comfortable, breathable fit for everyday wear.","Photographs show ankle-length socks with distinct teal green, black, and white horizontal stripes. Selected Path A (single pair, casual) as `PRODUCT KIND` is 'single'. Targeted ""Teal Green, Black & White Striped Ankle Socks for Men & Women"" to lead with high-demand colours and length, while accurately describing the motif and including the most common gender modifier. Rejected generic ""Colorful Striped"" as ""cool"" and specific colours carry more demand.",,,,2982,2983
,5,3,4,3,"The four-color pile-up ""Blue, Yellow, Orange & Aqua"" front-loads the title with terms no shopper types instead of leading with ""Striped Ankle Socks,"" and",Stripes 8.0 Ankle Length Cotton Socks: Bold Stripes for Every Step,https://dynamocks.us/products/stripes-8-0-ankle-length-cotton-socks-bold-stripes-for-every-step,,"Blue, Orange & Yellow Striped Ankle Socks for Men & Women | Dynamocks","Ditch the sock snooze! Stripes 8.0 Ankle Socks (Cotton Blend) boast bold stripes for playful feet. Breathable & comfy, these ankle socks are an adventure waiting to happen.","Step out in vibrant style with these cool blue, orange & yellow striped ankle socks. Crafted from breathable combed cotton, they offer a comfortable, secure fit for men & women all day long. Perfect for adding a fun pop of color to any casual outfit.","Frames 1-3 show ankle-length socks with bold horizontal stripes in blue, orange, yellow, and light blue. Chose Path A (single, casual product). Led with ""Blue, Orange & Yellow Striped Ankle Socks"" because colour and length carry the most search demand, and ""for Men & Women"" is the most common modifier in the market. Rejected generic ""Colorful Striped"" for specific colour naming.",,,,2317,2318
,5,3,5,4,"""Angular"" st",Cotton Ankle Socks: Exotic Ankle Length Socks,https://dynamocks.us/products/cotton-ankle-socks-exotic-ankle-length-socks,Cotton Ankle Socks – Exotic Ankle Length Socks | Vibrant & Comfortable,"Black, Neon Green & Orange Ankle Socks for Men & Women | Dynamocks","Step into vibrant style with our Cotton Ankle Socks in the Exotic design. These ankle-length socks feature bold, eye-catching patterns and soft, breathable cotton, ensuring both comfort and a touch of adventurous flair. Perfect for making a statement while staying cozy. Shop now at Dynamocks and bring an exotic twist to your everyday look with these striking ankle socks!","Make a statement with these funky Black, Neon Green & Orange Ankle Socks. Featuring a bold geometric pattern with pops of purple and white, these cool cotton ankle socks offer all-day comfort for men & women. Perfect for adding a vibrant splash to any casual outfit, these eye-catching socks are designed to stand out.","Frames 1-3 show black ankle socks with bold, abstract geometric patterns in neon green, orange, purple, and white. Frame 1 and 3 show the socks being worn, frame 2 is a product shot. This is a single pair, following Path A. Led with ""Black, Neon Green & Orange Ankle Socks"" because colour and length carry the highest search demand, and specific vibrant colours like neon green and mango (orange) are highly searched. Rejected generic terms like ""Exotic"" or ""Colorful"" for more precise, high-volume keywords.",,,,2296,2297
,5,3,3,3,"The four-color pileup ""Orange, Black, White & Gold"" is accurate but no shopper types all four, and ""combed cotton"" adds a fiber-grade claim the photos and product data",Dynamocks Orange & Black Striped Cotton Crew Socks – Stripes 4.0,https://dynamocks.us/products/cotton-crew-socks-stripes-4-0-crew-length-socks,,"Mango, White & Black Striped Crew Socks for Men & Women | Dynamocks","Orange & black striped cotton crew socks — breathable combed cotton with a secure stretch fit for everyday wear. Dynamocks Stripes 4.0, sizes 6–12, men & women.","Bold mango, white & black stripes make these fun crew socks for men & women stand out. Made with breathable combed cotton for all-day comfort and a stay-put fit.","Photographs show a single pair of crew socks with mango (orange/yellow), white, and black horizontal stripes. The body description confirms ""bold orange, mango, and black striped"". Chosen Path A (single, casual) based on `product_type: Crew` and `Crew pack of 1`. Aimed at `mango socks` (739 impressions) and `striped crew socks` (strong demand for components), prioritizing colour and length keywords over generic pattern words (2.5% demand).",,,,2242,2243
,5,3,5,4,"Every color claim — blues, re",Cotton Crew Socks Combo: Men & Women Striped Socks,https://dynamocks.us/products/cotton-crew-socks-stripes-1-0-2-0-3-0-4-0,,4-Pair Cool Striped Cotton Crew Socks Gift Set for Men & Women | Dynamocks,"Upgrade your basics with timeless stripes! Cotton crew socks with Stripes 1.0 - 4.0 designs. Breathable comfort, classic style for everyday wear.","Unbox everyday style with our 4-pair gift set of cool striped cotton crew socks for men & women. Each pair features a unique, colorful stripe design—from bold blues and oranges to classic maroons and teals—offering breathable comfort and versatile wear.","The photographs show four distinct pairs of crew-length striped socks. One pair is blue-based with orange/red/black/white stripes, another is black-based with orange/yellow/white stripes, a third is maroon-based with mint/white stripes, and the last is teal-based with dark green/white stripes. This is clearly a multipack of striped crew socks. The `material composition` states 85% Cotton; the `body description`'s mention of ""polyester"" for durability is ignored as it contradicts the primary source. Led with ""4-Pair Striped Crew Sock Gift Set"" to match multipack demand and common gift searches for ""sock gift set"" and ""crew socks pack"".",,,,2747,2748
,5,3,5,4,The title's lead,"Cotton Ankle Socks Combo: Mint, Aqua, Purple, Maroon, Teal Blue, Green",https://dynamocks.us/products/cotton-ankle-socks-vibrant-6-pack-mint-aqua-purple-maroon-teal-blue-green,"Cotton Ankle Socks Combo – Mint, Aqua, Purple, Maroon, Teal Blue & Green | Vibrant & Versatile",6-Pair Vibrant Solid Ankle Socks Gift Set for Men & Women | Dynamocks,"Brighten up your wardrobe with the Cotton Ankle Socks Combo featuring Mint, Aqua, Purple, Maroon, Teal Blue, and Green. This vibrant selection of colors offers a fresh and versatile addition to your everyday outfits, combining style with all-day comfort. Perfect for those who love to mix and match bold hues. Shop now at Dynamocks and step into a colorful world of cozy fashion!","Step into color and comfort with this 6-pair gift set of cool cotton ankle socks for men & women. Featuring a vibrant palette of solid mint, aqua, purple, maroon, teal, and green, these soft socks offer a secure, stay-put fit perfect for everyday wear and thoughtful gifting.","Frames 1-4 show six distinct pairs of solid color ankle socks in vibrant hues (two shades of blue/teal, mint green, purple, maroon, and green); frames 2-4 confirm ankle length. This is a multipack, so Path B applies, targeting ""sock gift set"" searches. Led with ""Vibrant Solid"" as the generic family word to describe the collection of colorful, unpatterned socks, differentiating from similar existing titles that used ""Fun"".",,,,3033,3034
,5,3,,,,Black & White premium Cotton Ankle Socks set of 4,https://dynamocks.us/products/black-mono-white-houndstooth,"Cotton Ankle Socks Combo – Hex, Mono, Dandy Black & White, Houndstooth | Classic & Stylish",4-Pair Cool Patterned Ankle Sock Gift Set for Men & Women | Dynamocks," Discover timeless style with the Cotton Ankle Socks Combo featuring Hex, Mono, Dandy Black & White, and Houndstooth designs. This combo offers a sophisticated mix of patterns and colors, perfect for adding a classic touch to your everyday outfits. Enjoy the perfect blend of elegance and comfort. Shop now at Dynamocks and step into versatile, stylish fashion with this premium sock pack!","Upgrade your collection with this 4-pair gift set of cool patterned black and white ankle socks. Featuring wavy, houndstooth, geometric, and argyle designs, these cotton-rich socks offer stylish comfort and a secure fit for any occasion. Perfect for adding a bold touch to everyday wear, or as a thoughtful gift.","Frames 1-4 show four distinct pairs of black and white ankle socks: one with wavy lines, one houndstooth, one with geometric circles, and one argyle/diamond pattern. Identified as a multipack, following PATH B. Chose '4-Pair Cool Patterned Ankle Sock Gift Set' to meet demand for pack count, colour, and length, using 'cool patterned' as the generic family word and differentiating from similar existing titles. Rejected mentioning ""polyester"" as the material composition field (the source of truth) confirms 85% Cotton, 13% Spandex, 2% Elastic.",,,,3045,3046
,5,4,,,,Dynamocks Allure Colorful Designer Cotton Crew Socks – Crew,https://dynamocks.us/products/allure-colorful-cool-design-fashionable-casual-mens-socks-stylish-designer-womens-socks-collection,,Teal & Red Scallop Print Crew Socks for Men & Women | Dynamocks,"Allure colorful designer cotton crew socks — a vibrant pattern in breathable combed cotton with a secure fit. Dynamocks, sizes 6–12, men & women.","Step out in a fun wave pattern with these Teal & Red Scallop Print Crew Socks. Made from soft combed cotton, they offer a breathable, secure fit for men and women. Perfect for everyday wear or adding a bold touch to your outfit.","The photographs show crew-length socks with a primary teal/aqua body featuring a scallop/wave pattern, contrasted with solid red cuffs, heels, and toes. This is a single pair, following Path A for casual socks. I aimed for ""Teal & Red Scallop Print Crew Socks for Men & Women"", leading with colour and length, which carry the most demand, and using ""scallop print"" as a plain motif word, differentiating it from the ""Waves & Clouds"" title already taken.",,,,2203,2204
,5,4,5,4,"Every claim — green and yellow, geometric maze motif, crew length, combed cotton — matches the photos and the spec, but the tacked-on ""for Men & Women"" pads the title past the tight brand-last format shoppers actually type.",Dynamocks Ace Designer Cotton Crew Socks – Crew,https://dynamocks.us/products/ace-crew-length-men-women-designer-funky-creative-socks-unisex-socks,,Green & Yellow Geometric Crew Socks for Men & Women | Dynamocks,"Ace designer cotton crew socks — a funky creative pattern in breathable combed cotton with a secure fit. Dynamocks, sizes 6–12, men & women.","Step out in bold style with these cool green & yellow geometric crew socks. Crafted from breathable combed cotton for men & women, they offer a secure, stay-put fit with a funky pattern that stands out.","The photographs show a single pair of crew-length socks featuring a prominent geometric pattern in dark green and yellow. I've selected PATH A for single, casual socks. I'm prioritizing ""Green & Yellow Crew Socks"" with ""Geometric"" as the motif because color and length carry the highest search demand, and ""geometric"" is an accurate, plain word for the pattern seen. This aligns with search intent for 'cool socks for men' and 'funky socks for women'.",,,,2326,2327
,5,4,5,5,"Every claim checks out — zigzag/chevron in blue, red, yellow and white on crew socks, with ""combed cotton"" matching the 85% spec — but the title spends its first three words on a stacked",Dynamocks Bold Patterned Cotton Crew Socks – Banger,https://dynamocks.us/products/cotton-crew-socks-banger-crew-length-socks,,"Bold Blue, Red & Yellow Zigzag Crew Socks for Men & Women","Banger bold patterned cotton crew socks — a dynamic eye-catching design in breathable combed cotton with a secure fit. Dynamocks, sizes 6–12, men & women.","Step out in these bold blue, red & yellow zigzag crew socks. Crafted from soft, breathable combed cotton, these funky socks for men & women offer a comfortable, stay-put fit for everyday wear. Sizes 6-12.","Frames 1-3 show blue, red, yellow, and white zigzag crew socks in casual settings. This is a single, casual pair, so Path A was chosen. Led with 'Bold Blue, Red & Yellow Zigzag Crew Socks' to address colour and motif demand, using 'bold' over 'colorful' and 'zigzag' over generic 'pattern' which has low demand.",,,,2335,2336
,5,4,5,4,"Every claim — multicolor cube geometry, crew length, combed cotton — matches the photos and spec, and only the added ""for Men & Women"" padding in the title keeps it from the tight owner-approved format.",Dynamocks Multicolor Geometric Cotton Crew Socks – CUBE,https://dynamocks.us/products/cube-crew-length-socks-cotton-crew-socks,,Funky Multicolor Geometric Crew Socks for Men & Women | Dynamocks,"Multicolor geometric cube cotton crew socks — a bold modern pattern in breathable combed cotton with a secure fit. Dynamocks CUBE, sizes 6–12, men & women.","Step out in our funky multicolor geometric crew socks for men and women, crafted from breathable combed cotton for a cool, stay-put fit.","Frames 1-3 show a multicolor geometric cube pattern (blue, orange, black, white, teal) on crew length socks. Selected Path A (single pair, casual) as per `PRODUCT KIND`. Aimed at ""funky socks for men"" / ""funky socks for women"" searches, leading with ""Funky Multicolor Geometric Crew Socks"" as the motif and preferred adjective over ""colorful,"" while accurately reflecting the design and including gender modifiers.",,,,2417,2418
,5,4,,,,Dynamocks Relaxed Polka Dot Cotton Crew Socks – Cruise,https://dynamocks.us/products/relaxed-fit-ankle-socks-cruise-crew-length-socks,,Purple & Teal Wavy Print Crew Socks for Men & Women | Dynamocks,"Relaxed polka dot cotton crew socks — an easygoing look in breathable combed cotton with a secure fit. Dynamocks Cruise, sizes 6–12, men & women.","Step out in style with these fun Purple & Teal Wavy Print Crew Socks. Made from breathable combed cotton for comfort, they offer a secure, stay-put fit for men & women. Perfect for adding a cool pop of color to any everyday outfit.","Photographs show a single pair of crew-length socks in purple with teal cuffs, heels, toes, and a distinct, repeating wavy teal print. Ignored the internal product name 'Polka Dot' as it directly contradicts the visual evidence and the owner's instruction to trust the photos. Chose Path A (single pair, casual) and aimed at high-demand terms 'Purple' and 'Teal' for color, 'Crew Socks' for length, and 'Wavy Print' for motif, rather than generic 'pattern' words which have significantly lower search volume.",,,,2384,2385
,5,4,4,3,"""Geometric"" is a safe but",Dynamocks Orange & Teal Cotton Crew Socks – Charm,https://dynamocks.us/products/cotton-crew-socks-charm-crew-length-socks,,Funky Orange & Teal Diamond Crew Socks for Men & Women,"Orange & teal geometric cotton crew socks with an elegant look — breathable combed cotton with a secure fit. Dynamocks Charm, sizes 6–12, men & women.","Step up your style with these funky orange and teal diamond pattern crew socks. Crafted from breathable combed cotton, they offer a secure, stay-put fit for men & women all day. Perfect for adding a bold touch to any outfit.","Frames 1-3 show orange and teal crew socks with an interlocking diamond pattern; frame 4 is a logo overlay. This is a single pair, casual product (Path A). Led with 'Orange & Teal' and 'Crew' for high demand, adding 'Funky' as a preferred modifier and 'Diamond' as a specific motif to differentiate from existing generic 'Geometric' titles.",,,,2426,2427
MODEL REFUSED,5,4,5,4,"Every color and the argyle diamond pattern match the photos exactly, and cot",Dynamocks Maroon Cotton Crew Socks – Dandy Maroon,https://dynamocks.us/products/dandy-maroon-crew-length-socks-cotton-crew-socks,,"The product images depict a multicolour argyle sock, while the provided product text consistently describes a solid maroon sock. This fundamental disagreement on both colour and pattern means the product cannot be grounded according to the instructions without human clarification.","Rich maroon cotton crew socks — a sophisticated solid colour in breathable combed cotton with a secure fit. Dynamocks Dandy Maroon, sizes 6–12, men & women.",,"Images 1-3 show a crew length argyle sock featuring maroon, orange, light blue, and white colors. However, the product title (""Dynamocks Maroon Cotton Crew Socks – Dandy Maroon"") and body description explicitly refer to the product as ""Dandy Maroon"" and a ""sophisticated solid colour"". This is a direct contradiction on both the colour and the pattern of the product.",,,,2432,
,5,4,4,4,"sizes 6–12"" is an unsupported spec not present in the photos or product data, while everything else — the geometric black/green/purple/orange design and the combed cotton fibre — checks out.",Dynamocks Exotic Animal Print Cotton Crew Socks – Crew,https://dynamocks.us/products/exotic-crew-length-socks-unleash-your-wild-side,,Green & Purple Funky Crew Socks for Men & Women | Dynamocks,"Exotic animal print cotton crew socks — a bold wild design in breathable combed cotton with a secure fit. Dynamocks, sizes 6–12, men & women.","Stand out in these funky green & purple geometric crew socks for men & women. Crafted from breathable combed cotton, they offer all-day comfort and a secure, stay-put fit.","The photographs show crew socks with a bold, angular geometric pattern in lime green, purple, orange, black, and white. Frames 2-3 show the socks on feet, confirming the pattern and length. Followed PATH A for a single, casual product. Selected ""Green & Purple Funky Crew Socks"" to lead with prominent colours and the preferred term ""funky,"" which aligns with search demand over generic ""geometric"" patterns.",,,,2408,2409
,5,4,,,,Dynamocks Purple & Yellow Cotton Crew Socks – FLEX,https://dynamocks.us/products/cotton-crew-socks-flex-crew-length-socks,,Cool Purple & Yellow Maze Crew Socks for Men & Women | Dynamocks,"Purple & yellow geometric cotton crew socks with a stretchy, secure fit — breathable combed cotton for all-day everyday comfort. Dynamocks FLEX, men & women.","Make a statement with these cool purple & yellow maze crew socks for men & women. Crafted from breathable combed cotton with a dynamic, stretchy fit, they offer all-day comfort and a bold, eye-catching look.","Frames 1-3 show purple and yellow crew socks with a distinct maze-like geometric pattern. This is a single pair, casual product (Path A). I chose 'Purple & Yellow' and 'Crew Socks' based on their high search demand for color and length, including 'Maze' as a clear, plain motif, and confirmed 'for Men & Women' as the most common gender modifier. Rejected leading with 'FLEX' as an internal name and general 'Geometric Print' due to lower specificity and search volume.",,,,2445,2446
,5,4,,,,Dynamocks Black & Teal Geometric Cotton Crew Socks – Hexagon,https://dynamocks.us/products/hexagon-crew-length-socks-cotton-crew-socks,,Cool Black & Teal Hexagon Crew Socks for Men & Women | Dynamocks,"Black & teal geometric cotton crew socks — a modern hexagon pattern in breathable combed cotton with a secure fit. Dynamocks Hexagon, sizes 6–12, men & women.","Step up your style with cool black & teal hexagon crew socks. Modern geometric design in breathable combed cotton with a secure, stay-put fit for men & women.","Frames 2 and 3 show black crew socks with a teal hexagon pattern; frame 1 is a sale banner. This is a single product, so followed Path A. Led with ""Black & Teal Hexagon Crew Socks"" over the previous ""Geometric Print"" title, as colour and length carry the demand (58% and 51% respectively), and ""hexagon"" is more specific than the low-demand generic ""geometric"" (2.5%).",,,,2466,2467
,5,4,4,4,"""combed"" cotton is an unsupported upgr",Dynamocks Mango Cotton Crew Socks – Solid,https://dynamocks.us/products/solid-mango-crew-length-cotton-socks-bold-color-comfort,,Mango Solid Crew Socks for Men & Women | Dynamocks,"Solid mango cotton crew socks — a vibrant warm colour in breathable combed cotton with a secure fit. Dynamocks, sizes 6–12, men & women.","Cool mango solid crew socks for men & women. Made from soft, breathable combed cotton for a secure, stay-put fit. Add a bold pop of color to any outfit.","The photographs clearly show a solid mango-colored crew sock. Based on the product data, this is a single pair, following Path A for casual socks. I chose ""Mango Solid Crew Socks for Men & Women"" as it directly targets `mango socks` (739 impressions) and incorporates ""solid"" as a searched motif, while ""crew"" and ""for men & women"" cover length and the most common gender modifier.",,,,2485,2486
,5,4,5,4,"Every visible detail — orange ground, blue cuff/heel/toe, white origami motifs, crew height — and the combed cotton fibre are correct, but the padded ""for Men & Women"" delays the ""Origami Crew Socks"" search term and pushes the title toward 60 characters.",Dynamocks Orange & Blue Cotton Crew Socks – ORIGAMI,https://dynamocks.us/products/cotton-crew-socks-origami-crew-length-socks,,Orange & Blue Origami Crew Socks for Men & Women | Dynamocks,"Orange & blue origami-inspired cotton crew socks — breathable combed cotton with a secure stretch fit for everyday wear. Dynamocks ORIGAMI, sizes 6–12, men & women.","Funky orange & blue crew socks featuring an artistic origami paper plane design. Crafted from soft, breathable combed cotton for a secure, all-day fit for men & women.","The photographs clearly show orange crew length socks patterned with white origami paper planes, with bright blue cuffs, heels, and toes. I followed Path A for a single, casual pair. I prioritised 'Orange & Blue' for colour and 'Crew' for length (representing high search demand), combined with the specific 'Origami' motif to differentiate it from generic geometric designs, which have low search volume.",,,,2494,2495
,5,4,4,4,"The copy correctly names the pink base, blue/maroon marks and combed cotton, but ""secure, stay-put fit"" is an unsupported comfort claim and ""for Men & Women"" pads the title past the owner's short pattern-first format.",Dynamocks Blue & Pink Cotton Crew Socks – Party,https://dynamocks.us/products/party-crew-length-cotton-socks-fun-styles-comfort,,"Pink, Blue & Burgundy Funky Crew Socks for Men & Women | Dynamocks","Blue, maroon & pink cotton crew socks with a fun design — breathable combed cotton with a secure fit. Dynamocks Party, sizes 6–12, men & women.","Add a pop of bold personality to your step with these cool pink, blue & burgundy funky crew socks. Crafted from soft combed cotton for men & women, they feature a playful abstract pattern with touches of yellowish-green. Enjoy breathable comfort and a secure, stay-put fit for everyday wear or to make a statement.","Frames 1-3 show a single pair of crew-length socks with a pink base and abstract, scattered patterns in blue, burgundy, and touches of yellowish-green. Frame 4 is a flat lay confirming the design. This product is a 'single pair, casual' (Path A). Chose 'Pink, Blue & Burgundy Funky Crew Socks' over 'Polka' (incorrect tag) or generic 'Patterned' to align with visible colours, the 'funky' aesthetic, and to use strong colour+length demand words.",,,,2497,2498
,5,4,,,,Dynamocks Polka Dot Cotton Crew Socks – Polka,https://dynamocks.us/products/cotton-crew-socks-polka-crew-length-socks,,Teal Dragon Fruit Print Crew Socks for Men & Women | Dynamocks,"Polka dot cotton crew socks — a fun classic dotted design in breathable combed cotton with a secure fit. Dynamocks Polka, sizes 6–12, men & women.","Cool teal dragon fruit print crew socks for men & women. Funky design on breathable combed cotton, offering a secure, stay-put fit for all-day comfort. Sizes 6-12.","The photographs show crew length socks with a vibrant teal background and a repeating pattern of white ovals with black seeds and yellow outlines, clearly depicting dragon fruit slices. Frame 1 shows them worn by a man in a suit, frame 3 by a person in jeans. This is a single, casual product, so followed PATH A. Chose ""Teal Dragon Fruit Print"" as the motif, prioritizing accurate grounding over the incorrect internal ""Polka Dot"" tag. Prioritized colour and length words first, as per demand data.",,,,2378,2379
,5,4,,,,Dynamocks Vibrant Polka Dot Cotton Crew Socks – POP,https://dynamocks.us/products/pop-crew-length-socks-make-a-statement-with-bold-color,,Yellow & Green Cross Pattern Crew Socks for Men & Women | Dynamocks,"Vibrant polka dot cotton crew socks — a bold statement design in breathable combed cotton with a secure fit. Dynamocks POP, sizes 6–12, men & women.","Bold Yellow & Green Cross Pattern Crew Socks. Soft, breathable combed cotton for a secure, stay-put fit. Perfect for men & women.","Photographs show yellow socks with dark green cuffs, heels, and toes, covered in a uniform pattern of small black cross-like shapes. Frames 2-3 show them worn by both men and women. This is a single pair, casual product (Path A). I chose ""Yellow & Green Cross Pattern Crew Socks"" to lead with colour and length, which carry the majority of search demand. I rejected ""Polka Dot"" from the original title and tags as it is visually inaccurate and grounding takes precedence.",,,,2387,2388
,5,4,5,4,"Every claim — mustard-yellow ground, maroon dashes, crew height, combed cotton — matches the photos and spec; the only cost is the ""for Men & Women"" filler padding the title past the owner's tight pattern-first format.",Dynamocks Classic Polka Dot Cotton Crew Socks – PRIM,https://dynamocks.us/products/cotton-crew-socks-prim-crew-length-socks,,Orange & Purple Funky Crew Socks for Men & Women | Dynamocks,"Classic polka dot cotton crew socks — breathable combed cotton with a secure, gentle-stretch fit for everyday wear. Dynamocks PRIM, sizes 6–12, men & women.","Step out in cool orange & purple crew socks for men & women. Made from soft combed cotton with a secure, stay-put fit for all-day comfort.","The photographs show orange socks with a scattered purple dash pattern, purple cuffs, heels, and toes. Frame 1 shows a man wearing them, frames 2-3 are product shots. This is a single, casual pair, leading to Path A. Chose ""Orange & Purple Funky Crew Socks"" aiming for 'orange socks', 'purple socks', 'funky socks', and 'crew socks for men & women'. The phrase 'polka dot' was rejected as the visual evidence shows dashes, not dots, and the owner's note stated ""polka dots can be corrected.",,,,2360,2361
,5,4,,,,Dynamocks Luxe Cotton Crew Socks – Posh,https://dynamocks.us/products/posh-crew-length-socks-cotton-crew-socks,,Cool Blue Zigzag Crew Socks for Men & Women | Dynamocks,"Posh luxe cotton crew socks — a refined, sophisticated feel in breathable combed cotton with a secure fit. Dynamocks, sizes 6–12, men & women.","Step out in cool blue zigzag crew socks. Made from breathable combed cotton for men & women, these funky socks offer a secure, stay-put fit perfect for everyday style.","Photographs show teal, navy, and white zigzag crew socks worn by a person and laid flat. Frames 1-3 are product shots; no banners ignored. Identified as a single pair, casual product (Path A). Led with ""Cool Blue Zigzag Crew Socks"" over the generic ""Posh Luxe Cotton Crew Socks"" – 'cool' is preferred over 'colorful', and colour/length carry the most demand for casual socks, while ""Posh"" is a merchandising label.",,,,2506,2507
,5,4,4,4,"Colors, pug motif and combed cotton all check out against the photos and spec, but the title's ""for Men & Women"" padding and the description's unsupported ""secure, stay-put fit"" claim each shave a point.",Dynamocks Pug Novelty Cotton Crew Socks – Crew,https://dynamocks.us/products/cotton-crew-socks-pug-crew-length-socks,,Teal & Yellow Pug Print Crew Socks for Men & Women | Dynamocks,"Pug novelty cotton crew socks — a cute dog design in breathable combed cotton with a secure fit. Dynamocks, sizes 6–12, men & women.","Show your dog love with these cool teal & yellow pug print crew socks for men & women. Crafted from soft combed cotton, they offer a breathable, stay-put fit for everyday wear.","The photographs clearly show teal (or dark green) crew socks with yellow accents (cuff, heel, toe) and an all-over print of white and pink pug faces. This is a single pair, casual product, following Path A. The chosen phrases ""Teal & Yellow Pug Print"" directly describe the dominant colours and motif, matching visual evidence and leading with high-demand colour. Rejected generic ""Novelty Cotton Crew Socks"" as it lacks specificity for colour and motif, which are critical for earning clicks.",,,,2512,2513
,5,4,5,4,"Colors (""Orange & Teal""), the retro geometric motif and ""combed cotton"" all match the photos and spec, but the tacked-on ""for Men & Women"" pads the title past the tight owner-approved pattern without adding a term shoppers actually type.",Dynamocks Retro Geometric Cotton Crew Socks – Crew,https://dynamocks.us/products/cotton-crew-socks-retro-crew-length-socks,,Funky Orange & Teal Crew Socks for Men & Women | Dynamocks,"Retro geometric cotton crew socks — a stretchy comfortable design in breathable combed cotton. Dynamocks Retro, sizes 6–12, men & women.","Add a pop of personality to your look with these Funky Orange & Teal Retro Geometric Crew Socks. Crafted from soft combed cotton for a breathable, stay-put fit, these cool designer socks offer all-day comfort for men and women.","Frames 1-3 show crew socks with an eye-catching retro geometric pattern in orange and teal, with yellow accents. Some views also show purple on the toe/heel. The product is a single pair, making it Path A (single pair, casual). I focused on the high-demand ""Orange & Teal"" colours and ""Crew"" length, using ""Funky"" as a preferred descriptor over ""Geometric"" for the primary title due to character limits and search demand. The previous title's poor click-through suggests a more keyword-driven and distinct title is needed.",,,,2515,2516
,5,4,5,4,"Sprinkles,"" ""turquoise,"" ""yellow,"" ""crew"" and ""combed cotton"" all match the photos and spec exactly; the only cost is the title trading the brand tag for the generic ""for Men & Women"" tail.",Dynamocks Turquoise & Yellow Cotton Crew Socks – Sprinkles,https://dynamocks.us/products/cotton-ankle-socks-sprinkles-crew-length-socks,,Turquoise & Yellow Sprinkles Crew Socks for Men & Women,"Turquoise & yellow cotton crew socks — a fun colourful design in breathable combed cotton with a secure fit. Dynamocks Sprinkles, sizes 6–12, men & women.","Brighten your step with these funky turquoise and yellow sprinkles crew socks. Crafted from breathable combed cotton for a comfortable, secure fit, these cool socks are perfect for men and women seeking a bold, playful style that stays up all day.","Frames 1-3 show turquoise and yellow crew socks with a multicolor ""sprinkles"" or ""confetti"" pattern. This is a single pair, casual product (PATH A). Led with ""Turquoise & Yellow Sprinkles Crew Socks"" as colour and length carry the most search demand, and ""sprinkles"" is a plain, accurate motif for the visual.",,,,2527,2528
,5,4,5,4,"Every claim — yellow-and-white diamond lattice, crew height, combed cotton — matches the photos and spec; the only cost is the padded ""for Men & Women"" in the title, which pushes it past 60 characters and delays the brand without adding a term shoppers actually type.",Dynamocks White & Yellow Cotton Crew Socks – SUNSHINE,https://dynamocks.us/products/cotton-crew-socks-sunshine-crew-length-socks,,Yellow & White Diamond Crew Socks for Men & Women | Dynamocks,"Cheerful white & yellow cotton crew socks — breathable combed cotton with a secure fit for everyday comfort. Dynamocks SUNSHINE, sizes 6–12, men & women.","Brighten your day with these cool Yellow & White Diamond Crew Socks. Made from soft combed cotton, they offer breathable comfort and a secure fit for everyday wear. A fun style for men and women, perfect for work or casual flair.","The photographs show yellow crew-length socks with a white diamond or lattice pattern. Frame 1 shows a man wearing them, frames 2-3 show the socks on their own and on a woman. This is a single, casual pair, so Path A is chosen. Lead with ""Yellow & White Diamond Crew Socks"" as color and length carry traffic, and ""diamond"" is more specific and searchable than generic ""geometric"" (2.5% pattern demand).",,,,2530,2531
,5,4,4,4,"""combed"" cotton",Dynamocks Orange & Yellow Cotton Crew Socks – SIZZLE,https://dynamocks.us/products/cotton-crew-socks-sizzle-crew-length-socks,,Cool Orange & Yellow Wavy Crew Socks for Men & Women,"Bold orange & yellow cotton crew socks — breathable combed cotton with a secure stretch fit for all-day everyday comfort. Dynamocks SIZZLE, sizes 6–12, men & women.","Make a cool statement with these funky orange & yellow wavy crew socks. Crafted from breathable combed cotton, they offer a secure, stay-put fit for all-day comfort. Perfect cotton crew socks for adding a vibrant touch to any outfit, for men & women.","Photographs show crew length socks with a prominent wavy pattern in orange, yellow, and black. Ignored frame 1 (lifestyle shot) to focus on the clear product shot in frame 2. This is a `single` product, so following PATH A. Chose ""Cool Orange & Yellow Wavy Crew Socks"" over generic terms, as ""cool"" is preferred over ""colorful,"" and the distinct orange and yellow wavy pattern accurately describes the product while differentiating it from existing titles like 'Teal, Orange & Yellow Wavy Crew Socks'. Colour and length carry the most demand.",,,,2533,2534
,5,4,5,4,"Every claim — teal, black, wavy pattern, crew height, combed cotton — is verifiable in the photos and spec, with only the filler ""for Men & Women"" padding the title past the tight owner-approved format.",Dynamocks Tides Coastal Cotton Crew Socks – Crew,https://dynamocks.us/products/tides-crew-length-socks-cotton-crew-socks,,Teal & Black Wave Crew Socks for Men & Women | Dynamocks,"Tides coastal cotton crew socks — an ocean-wave inspired design in breathable combed cotton with a secure fit. Dynamocks, sizes 6–12, men & women.","Catch a wave with these cool teal & black crew socks, featuring an ocean-inspired wave pattern. Made from soft, breathable combed cotton for a secure, stay-put fit. Perfect fun socks for men & women.","Photographs show teal crew socks with a black swirl/wave pattern and black cuffs, heels, and toes. No banners or size charts to ignore. This is a single pair, so followed Path A. Prioritized 'Teal & Black Crew Socks' and 'Wave Pattern' over generic pattern descriptors, as color and length carry demand and the specific motif is secondary.",,,,2539,2540
,5,4,5,4,"The copy correctly reads the photographed orange-and-white geometric print (ignoring the misleading ""Polka Dot"" stored name) and names combed cotton accurately, losing only minor search points for the padding ""for Men & Women"" pushing the title past 60 characters and the internal label ""TANGY"" trailing the description.",Dynamocks Bright Polka Dot Cotton Crew Socks – TANGY,https://dynamocks.us/products/tangy-crew-length-socks-cotton-crew-socks,,Orange & Blue Geometric Crew Socks for Men & Women | Dynamocks,"Bright polka dot cotton crew socks — soft breathable combed cotton with a flexible, secure fit for everyday wear. Dynamocks TANGY, sizes 6–12, men & women.","Step out in cool orange and blue geometric crew socks. Made from soft, breathable combed cotton for men and women, with a flexible fit for all-day comfort. Dynamocks TANGY.","The photographs (frames 1-3) show orange crew socks with a white interlocking geometric pattern, featuring royal blue cuffs, heels, and toes. Path A (single pair, casual) was chosen as the PRODUCT KIND is 'single'. The owner note confirmed the pattern is not polka dot, so ""Orange & Blue Geometric Crew Socks"" was chosen, prioritizing colour and length as they carry the most search demand.",,,,2357,2358
,5,4,5,4,"Every claim — blue base, neon green hexagon dots and cuff/heel/toe, combed cotton — matches the photos and spec, but the title's ""for Men & Women"" filler pushes it to 63 characters and delays the brand, costing search points.",Dynamocks Blue & Neon Cotton Crew Socks – VIBE,https://dynamocks.us/products/vibe-crew-length-socks-cotton-crew-socks,,Blue & Neon Green Hexagon Crew Socks for Men & Women | Dynamocks,"Blue & neon cotton crew socks — a bright energetic look in breathable combed cotton with a secure fit. Dynamocks VIBE, sizes 6–12, men & women.","Get cool blue & neon green hexagon crew socks for a bold, energetic look. Crafted from soft combed cotton for breathability and a secure, stay-put fit for men & women.","Photographs show blue crew socks with a neon green cuff, heel, toe, and a scattered hexagon pattern. Frames 2-4 show the product; frame 1 is a lifestyle shot. This is a single pair, casual product (Path A). Led with ""Blue & Neon Green Hexagon Crew"" to address the high demand for colour and length, and used the specific ""Hexagon"" motif for clarity over generic ""geometric print"", which is used by other products.",,,,2545,2546
,5,4,5,4,"""Bright"" is a filler adjective stacked between the accurate color (""Burgundy"") and the accurate pattern (""Stripe"") that no shopper would type, slightly di",Stripes 18.0 Ankle Length Socks,https://dynamocks.us/products/97,,Funky Maroon Striped Ankle Socks for Men & Women | Dynamocks,,"Step up your style with these funky maroon striped ankle socks, featuring bold yellow, orange, and blue stripes. Made from soft combed cotton with seamless toes and reinforced heels, these cool socks offer all-day comfort and a stay-put fit. Treated with Silver Nanotechnology to keep your feet fresh and smell-free, they're perfect for adding a pop of color to any casual or work outfit for men and women.","The photographs show ankle-length socks with a maroon background and bold horizontal stripes in yellow, orange, and bright blue/teal. There are no banners or size charts. This is a `single` product, so I followed **PATH A — single pair, casual**. I aimed for ""ankle socks"" (1503 impressions) and ""striped ankle socks"" (93 impressions), leading with the dominant color ""maroon"" and using ""funky"" as a preferred adjective over generic ""colorful"". The selected seo_title is distinct from existing ""Multi-Color Striped Ankle Socks"" listings by specifying the base color.",,,,2230,2231
,5,4,4,4,"""",MONO ANKLE LENGTH SOCKS - Cotton Ankle Socks,https://dynamocks.us/products/mono-ankle-length-socks-cotton-ankle-socks,,Cool Black & White Wavy Ankle Socks for Men & Women | Dynamocks,"MONO ANKLE LENGTH SOCKS:  Embrace a minimalist style with solid color design, breathable combed cotton, and a comfortable fit.","Embrace a cool, bold look with our Black & White Wavy Ankle Socks for men and women. Made from a breathable combed cotton blend, these funky socks offer all-day comfort and a secure fit. Perfect for everyday wear.","The photographs show black and white ankle socks with a distinct wavy, optical illusion pattern. This product is a single pair, following Path A for casual socks. I led with ""Black & White Wavy Ankle Socks"" over generic geometric prints to accurately describe the specific pattern in the images and ensure it stands out from other geometric products. I incorporated 'cool' and 'funky' to align with preferred search terms.",,,,2396,2397
,5,4,5,4,"Everything claimed — black ground, red and yellow stripes, ankle length, cotton — is visible or in the product data; the only cost is the three",STRIPES 17.0 ANKLE LENGTH SOCKS - Cotton Ankle Socks,https://dynamocks.us/products/stripes-17-0-ankle-length-socks-cotton-ankle-socks,,"Black, Red & Orange Striped Ankle Socks | Dynamocks",STRIPES 17.0 ANKLE LENGTH SOCKS:  Upgrade your style with bold stripes! Breathable combed cotton and a comfortable fit.,"Step out in style with our bold Black, Red & Orange Striped Ankle Socks for Men & Women. Crafted from soft, breathable combed cotton for all-day comfort, these cool striped socks add a fun pop of color to any outfit.","The photographs show black ankle socks with prominent red and orange (or golden-yellow) stripes. This is a `single` pair, so PATH A (casual) applies. Chose ""Black, Red & Orange Striped Ankle Socks"" to lead with specific colours and length, which are 51% and 58% of demand respectively, and also directly addresses `striped ankle socks` (93 impressions) and `black ankle socks` (86 impressions). Rejected the internal ""STRIPES 17.0"" and filler from the old title.",,,,2572,2573
,5,4,5,4,"Every claim — ankle length, cotton, and the orange/blue/white/purple triangle blocks — is visible or in the product data, but the filler ad",PIZZAZZ Ankle Length Cotton Socks: Fun Styles for Everyday Wear,https://dynamocks.us/products/pizzazz-ankle-length-cotton-socks-fun-styles-for-everyday-wear,,"Orange, Blue & Purple Geometric Ankle Socks | Dynamocks","Ditch boring socks! PIZZAZZ Ankle Socks add a pop of fun & personality to your footwear. Breathable & comfy, they keep your feet happy all day. Shop now & express yourself! ","Step out in cool style with our Orange, Blue & Purple Geometric Ankle Socks. Crafted from soft combed cotton for men & women, these fun socks add a bold pop to everyday outfits.","Frames 1-3 show ankle-length socks with a dominant orange base and an abstract geometric pattern in blue, purple, white, and yellow. Chose Path A (single, casual). Led with 'Orange, Blue & Purple Geometric Ankle Socks for Men & Women' to target high-demand colour, length, and gender terms, rejecting motif-led titles due to low search volume.",,,,2578,2579
,5,4,,,,SUNNY SIDE UP ANKLE LENGTH SOCKS - Cotton Ankle Socks,https://dynamocks.us/products/sunny-side-up-ankle-length-socks-cotton-ankle-socks,,Fun Black & Orange Egg Ankle Socks for Men & Women | Dynamocks,"SUNNY SIDE UP ANKLE LENGTH SOCKS:  Start your day with a smile! Fun egg design, breathable combed cotton, and a comfortable fit.","Crack a smile with these cool black & orange egg ankle socks. Designed for men & women, they feature a fun fried egg pattern and breathable combed cotton for all-day comfort. A funky addition to any outfit!","Frames 1-3 show black ankle socks with a repeating white and yellow/orange fried egg pattern; cuffs, heels, and toes are solid orange. Led with Path A (single pair, casual). Chose ""Black & Orange Egg Ankle Socks"" over the current ""Sunny Side Up"" to be more descriptive and incorporate ""fun"" and ""cool"" which outrank ""colorful"".",,,,2584,2585
,5,4,5,4,Every vis,Cotton Ankle Socks: Bolt Ankle Length Socks,https://dynamocks.us/products/cotton-ankle-socks-bolt-ankle-length-socks,Cotton Ankle Socks – Bolt Ankle Length Socks | Bold & Energetic,Blue & Yellow Lightning Ankle Socks for Men & Women | Dynamocks,"Charge up your sock drawer with our Cotton Ankle Socks featuring the Bolt design. These ankle-length socks combine a striking, energetic pattern with soft, comfortable cotton, perfect for making a bold statement with your everyday wear. Ideal for those who love vibrant, dynamic fashion. Shop now at Dynamocks and add a spark of excitement to your wardrobe with these electrifying socks!","Add a jolt of energy to your step with our cool Blue & Yellow Lightning Ankle Socks for men and women. Crafted from a soft combed cotton blend, these ankle-length socks offer a comfortable, stay-put fit for all-day wear. Perfect for adding a fun, bold statement to your everyday style or as a unique gift. Discover your new favorite pair of fun ankle socks.","Frames 1-3 show blue ankle-length socks with yellow and white lightning bolts, and yellow cuffs, heels, and toes. No banners or size charts were ignored. PRODUCT KIND is `single`, so PATH A (single pair, casual) was chosen. Aimed at ""Blue & Yellow Lightning Ankle Socks for Men & Women"" to address dominant colour and length demand, and the most common gender modifier. Rejected generic ""Patterned Ankle Socks"" as the motif is specific and ""pattern"" has low demand.",,,,2290,2291
,5,4,4,4,"""combed"" cotton is an unsupported upgrade on the plain ""Cotton"" in the product data, and ""Curved"" in the title is a",HUNK ANKLE LENGTH SOCKS - Cotton Ankle Socks,https://dynamocks.us/products/hunk-ankle-length-socks-cotton-ankle-socks,,Mango & Turquoise Ankle Socks | Dynamocks,"HUNK ANKLE LENGTH SOCKS:  Breathable combed cotton with a bold, masculine style. Perfect for everyday comfort.","Step out in cool Mango & Turquoise Ankle Socks. With a fun, wavy striped design and breathable combed cotton, these comfortable socks for men & women offer a flexible, stay-put fit for all-day wear.","Frames 1-3 show ankle length socks with wavy, abstract stripes in orange (mango-like), black, and turquoise. Following Path A for single, casual pairs. Prioritized colour and length search terms like 'mango socks' (739 impressions) and 'ankle socks' (1503 impressions) as they carry the most demand (over 50%) and are true to the product. Rejected the internal 'Hunk' label and kept the motif secondary due to character limits.",,,,2614,2615
,5,4,,,,Cotton Ankle Socks: FIZZY AQUA Ankle Length Socks,https://dynamocks.us/products/cotton-ankle-socks-fizzy-aqua-ankle-length-socks,Fizzy Aqua Cotton Ankle Socks – Stylish & Comfy Ankle Length Socks,Aqua & Orange Polka Dot Ankle Socks for Men & Women | Dynamocks,"Add a splash of color to your wardrobe with the Fizzy Aqua Cotton Ankle Socks! These ankle-length socks offer a perfect blend of comfort and fun, crafted with soft cotton for a breathable fit. The cool aqua shade brings a fresh, lively vibe to your everyday look. Ideal","Step out in style with these eye-catching Aqua & Orange Polka Dot Ankle Socks. Their vibrant aqua base, accented with playful orange, dark blue, and white polka dots, makes them a genuinely cool addition to any look. Made from a breathable combed cotton blend, they provide a comfortable, stay-put fit for all-day wear. Designed for men and women, these funky ankle socks are perfect for adding a pop of personality to your casual wardrobe.","The photographs show aqua/blue ankle socks with orange, dark blue, and white polka dots; the cuff, heel, and toe are orange. Frame 1 is the main product shot, frame 2 shows them worn, frame 3 is a close-up. This is a single pair, casual product, following Path A. Led with ""Aqua & Orange Polka Dot Ankle Socks"" because colour and length carry the demand (58% and 51% respectively), and ""Polka Dot"" is a visible motif from the tags. Rejected generic terms like ""Artistic Step"" or ""Fizzy Aqua"" for having no search demand.",,,,3006,3007
,5,4,4,4,"""combed"" cotton is an unsupported fiber-processing claim not shown in the photos or the product data (which says only ""Classic Cotton""), and the leading filler word ""Classic"" pushes the actual search term ""Houndstooth Ankle Socks"" out of","Houndstooth Ankle Socks | Single Pair, Classic Cotton Comfort",https://dynamocks.us/products/houndstooth-ankle-socks-single-pair-classic-cotton-comfort,,Black & White Houndstooth Ankle Socks for Men & Women | Dynamocks,"Step up your style with Houndstooth ankle socks. Classic design, luxurious combed cotton, everyday comfort.","Step out in style with classic black and white houndstooth ankle socks. Made from soft, breathable combed cotton, these comfortable socks offer a secure fit for men and women.","The photographs clearly show black and white houndstooth pattern ankle socks. This is a single pair, casual product (Path A). I chose to lead with ""Black & White Houndstooth Ankle Socks"" because color and length carry the most demand, and ""houndstooth"" is a specific, searched pattern (per instructions) that accurately describes the motif, rather than a generic ""geometric"" pattern.",,,,2642,2643
,5,4,,,,Dynamocks Neon Green Cotton Crew Socks – Solid,https://dynamocks.us/products/solid-neon-green-crew-length-socks-cotton-crew-socks,,Neon Green Solid Cotton Crew Socks for Men & Women | Dynamocks,"Solid neon green cotton crew socks — a bold bright colour in breathable combed cotton with a secure fit. Dynamocks, sizes 6–12, men & women.","Step out in bold style with cool neon green crew socks. Made from soft combed cotton, these solid socks offer a breathable, secure, stay-put fit for men & women.","The photographs show a pair of solid neon green ribbed crew socks. The product kind is 'single', so I followed Path A. I chose to lead with ""Neon Green"" for color and ""Crew"" for length, as these are clearly grounded in the images and product data. I used ""Solid"" as the motif as it accurately describes the product and is a searched term. I explicitly rejected high-volume terms like ""short"" or ""ankle"" because the product is clearly crew length, upholding the grounding rule. The existing ranking page has low clicks, so I aimed for clearer, more descriptive terms aligned with demand for color and length, and added ""cotton"" as it's true and searched.",,,,2648,2649
,5,4,3,4,"""combed",Dynamocks Multicolor Striped Cotton Crew Socks – Stripes 8.0,https://dynamocks.us/products/stripes-8-0-crew-length-socks-cotton-crew-socks,,Funky Multicolor Striped Crew Socks for Men & Women,"Multicolor striped cotton crew socks — breathable combed cotton with a secure stretch fit for everyday wear. Dynamocks Stripes 8.0, sizes 6–12, men & women.","Add a pop of fun to your everyday with these funky multicolor striped crew socks. Made from soft combed cotton for breathable comfort and a secure, stay-put fit for men & women.","The photographs show a single pair of crew-length socks with bold, bright stripes in blue, orange, yellow, and aqua. Frames 2 and 3 are lifestyle shots illustrating how they are worn. This is a single product, so Path A (single pair, casual) applies. The copy aims for ""Funky Multicolor Striped Crew Socks,"" prioritizing the preferred adjective ""funky"" over ""colorful"" and focusing on the high-demand categories of colour and length, rather than a generic motif.",,,,2245,2246
,5,4,4,3,"The three-color list ""Orange,",Dynamocks Classic Striped Cotton Crew Socks – Stripes 14.0,https://dynamocks.us/products/stripes-14-0-crew-socks-single-pair-classic-cotton-comfort,,Orange & Yellow Striped Crew Socks for Men & Women | Dynamocks,"Classic striped cotton crew socks — a timeless striped pattern in breathable combed cotton with a secure fit. Dynamocks Stripes 14.0, sizes 6–12, men & women.","Make a statement with bold orange and yellow striped crew socks, perfect for men and women. These comfortable cotton crew socks are crafted from soft, breathable combed cotton with a secure, stay-put fit that moves with you.","Frames 1-3 show a single pair of orange and yellow striped crew socks, featuring thinner red and white accent stripes. The product is a single, casual pair, so Path A was chosen. The title leads with ""Orange & Yellow Striped"" and ""Crew Socks for Men & Women,"" as colour and length are the top search drivers, and gender is the most common modifier in the market. ""Striped"" is used as the plain, visible motif.",,,,2248,2249
,5,4,,,,Dynamocks Designer Striped Cotton Dress Socks – Stripes 20.0,https://dynamocks.us/products/183,,Cool Striped Combed Cotton Dress Socks for Men & Women | Dynamocks,"Designer striped cotton dress crew socks — breathable combed cotton with a secure fit, made to peek under a suit. Dynamocks Stripes 20.0, sizes 6–12, men & women.","Elevate your professional style with these cool striped combed cotton dress socks for men & women. Designed for a secure, stay-put fit, they're breathable and vibrant under a suit, offering a pop of personality. Crew length, sizes 6–12.","Frames 1-3 show a single pair of crew-length socks with vibrant, multi-color horizontal stripes on a royal blue base, including yellow, neon green, pink, grey, black, and orange. The socks are styled with black dress shoes and dark trousers, confirming they are dress socks. This is a 'dress' product kind, confirmed by imagery and `product_type`. Targeted ""Striped Combed Cotton Dress Socks"" and the 'stay-up' feature, prioritizing ""Cool"" over ""Colorful"" for titles due to search demand. Gender is grounded as ""for men and women"" from the body description, which overrides the implicit 'for men' for this path.",,,,2675,2676
,5,4,4,4,"""",Dynamocks Grey Melange Cotton Crew Socks – Solid,https://dynamocks.us/products/cotton-crew-socks-solid-grey-melange-crew-length-socks,,Cool Gray Striped Crew Socks for Men & Women | Dynamocks,"Solid grey melange cotton crew socks — a versatile neutral in breathable combed cotton with a secure fit. Dynamocks, sizes 6–12, men & women.","Elevate your everyday style with these cool gray striped crew socks for men & women. Crafted from soft, breathable combed cotton, they offer a secure, stay-put fit. The versatile gray melange adds a touch of casual sophistication to any look.","The photographs show light grey crew socks with fine vertical white ribbing/stripes. Frame 1 shows them worn outdoors, frames 2-3 are product shots. I am following Path A for a single, casual pair. I chose ""Gray"" for colour (US spelling, high demand), ""Striped"" for motif (visually accurate and overrides the internal ""Solid"" tag), and ""Crew"" for length, aiming for the `Cool Gray Striped Crew Socks for Men & Women` search phrase. Gender is the biggest modifier, and ""Cool"" is preferred over ""colorful"".",,,,2363,2364
,5,4,,,,Dynamocks Yellow Cotton Crew Socks – Solid,https://dynamocks.us/products/cotton-crew-socks-solid-yellow-crew-length-socks,,Cool Yellow Cotton Crew Socks for Men & Women | Dynamocks,"Solid yellow cotton crew socks — a vibrant pop of colour in breathable combed cotton with a secure fit. Dynamocks, sizes 6–12, men & women.","Brighten your day with cool yellow cotton crew socks. Made from soft, breathable combed cotton, these solid crew socks offer a secure, stay-put fit for all-day comfort. Perfect for men & women.","The photographs show bright yellow, ribbed, crew-length socks. Frame 2 shows them styled with dress shoes, but the product type is declared as 'single' and 'casual'. Chose Path A (single pair, casual). Targeted ""Yellow Cotton Crew Socks"" as the primary phrase, acknowledging the strong search demand for colour, material, and length, and used ""Cool"" as a preferred adjective over ""vibrant"" or ""colorful"".",,,,2726,2727
,5,4,5,4,"Every pattern claim — beer mugs, ""Cutting Chai"" glasses, sunny-side-up eggs — matches the photos exactly, so the only points lost are for stacking three patt","Colorful Cotton Ankle Socks: CA Beer, Cutting Chai, SSU (3-Pack)",https://dynamocks.us/products/colorful-cotton-ankle-socks-ca-beer-cutting-chai-ssu-3-pack,"CA Beer, Cutting Chai, SSU – Colorful Cotton Ankle Socks (3-Pack)",3-Pair Fun Ankle Socks for Men & Women | Dynamocks,"Embrace fun and comfort with the CA Beer, Cutting Chai, and SSU Colorful Cotton Ankle Socks 3-Pack. These vibrant, playful designs bring a touch of personality and coziness to your everyday wear. Perfect for adding a bit of humor and style to your sock drawer. Shop now at Dynamocks and enjoy a trio of eye-catching and comfortable socks!","Brighten your day with this 3-pair set of fun ankle socks for men & women. Featuring cool beer, chai, and fried egg graphic designs, these breathable combed cotton socks offer all-day comfort and a stay-put fit. Perfect for adding a unique touch to your everyday outfits or as a thoughtful gift.","The photographs clearly display three pairs of ankle-length socks: one blue with beer mugs, one yellow with chai glasses, and one black with fried egg patterns. No ignored frames. This is a `multipack` product, following PATH B. The chosen phrase ""3-Pair Fun Ankle Socks for Men & Women"" aligns with high demand for length and gender, and ""fun"" is a preferred adjective for the novelty patterns, replacing the generic ""colorful"" which is discouraged, and avoiding the ""funky novelty"" phrase which is already taken for a 3-pair pack.",,,,3072,3073
,5,5,4,4,"The description's unsupported ""breathable"" com",Dynamocks Burgers Novelty Cotton Crew Socks – Crew,https://dynamocks.us/products/cotton-crew-socks-burgers-crew-length-socks,,Blue Burger Print Crew Socks for Men & Women | Dynamocks,"Burgers novelty cotton crew socks — a fun food design in breathable combed cotton with a secure fit. Dynamocks, sizes 6–12, men & women.",Step out in fun style with these blue burger print crew socks for men & women. Crafted from soft combed cotton for breathable comfort and a stay-put fit. Great novelty socks for everyday wear or a cool gift.,"The photographs show crew-length socks with a dominant blue background and yellow burger print, accented with teal. Frame 1 shows them worn by a man; frames 2-3 show the product clearly. This is a single pair, casual product, so Path A applies. Led with ""Blue Burger Print Crew Socks for Men & Women"" over a generic ""novelty"" title because color and length carry traffic, and ""burger print"" is the specific motif that makes these socks unique, aligning with the ""plain word"" guidance for motifs. Rejected phrases like `french fries socks` as it's not the correct motif, and `ankle socks` as the product is crew length.",,,,2206,2207
,5,5,5,4,"Every claim — ""golden beer mugs,"" ""vibrant blue background,"" ""premium combed cotton"" — is visible in the photos or the spec card, and the title leads with the exact search term ""Beer Novelty Crew Socks"" with the brand last; only the description's opening ""Raise a toast",Dynamocks Beer Novelty Cotton Crew Socks – Crew,https://dynamocks.us/products/cotton-crew-socks-beer-crew-length-socks,,Cool Blue Beer Print Crew Socks for Men & Women | Dynamocks,"Beer novelty cotton crew socks — a fun drink design in breathable combed cotton with a secure fit. Dynamocks, sizes 6–12, men & women.","Step out in our cool blue crew socks featuring a playful beer print. Crafted from soft combed cotton for all-day breathability and a secure, stay-put fit. These fun cotton crew socks are perfect for men and women, adding a touch of humor to any outfit or making a quirky gift.","Frames 1 and 2 show blue crew socks with a repeating yellow beer mug and ""BEER"" print, and red cuffs/heels/toes. Frame 3 is a banner. This is a single, casual pair, so I followed Path A. Chose ""Cool Blue Beer Print"" over the generic ""Novelty Beer"" or ""Fun Socks"" to incorporate color and motif first, and ""cool"" for higher search preference.",,,,2332,2333
,5,5,5,4,"Every claim — banana print, crew length, cotton — is visible or in the product data, and the only small loss is the description omitting the searchable ""teal and orange"" colorway.",Dynamocks Banana Novelty Cotton Crew Socks – Crew,https://dynamocks.us/products/banana-crew-socks-single-pair-fruity-fun-cotton-comfort,,"Teal, Yellow & Orange Banana Print Crew Socks for Men & Women | Dynamocks",,"Add a cool, tropical twist with these banana print crew socks. Featuring playful yellow and mango bananas on a vibrant teal base, these funky socks for men & women are made from soft combed cotton for all-day comfort and a secure, stay-put fit.","Frames 1-4 show a single pair of crew socks with a teal background, yellow banana print, and orange cuffs, heels, and toes. Path A (single pair, casual) was chosen based on the product kind. The SEO title aims to capture high-demand color searches (teal, yellow, mango) and the specific 'banana print' motif, while the `seo_description` uses 'cool' and 'funky' for better click-through, as per search data. Filler phrases like 'Fruity Fun' and 'Cotton Comfort' were removed to conserve characters.",,,,2341,2342
,5,5,4,4,"The description's ""combed cotton"" adds a fiber-processing claim not supported by the photos or the product name, which only states cotton.",Dynamocks Chillies Novelty Cotton Crew Socks – Crew,https://dynamocks.us/products/cotton-crew-socks-chillies-crew-length-socks,,Yellow Chili Pepper Crew Socks for Men & Women | Dynamocks,"Chillies novelty cotton crew socks — a fun fiery design in breathable combed cotton with a secure fit. Dynamocks, sizes 6–12, men & women.","Add a fun, fiery touch to your look with yellow chili pepper crew socks. Made from soft combed cotton for breathable comfort and a secure fit. Great novelty socks for men and women.","Frames 1-3 show yellow crew socks with a scattered pattern of red and green chili peppers, plus solid red cuffs, heels, and toes. This is a single pair, casual product (Path A). Prioritized 'Yellow Chili Pepper Crew Socks' for men & women, leveraging demand for colour and length while accurately describing the fun, specific motif.",,,,2414,2415
,5,5,4,4,"""combed"" cotton is an unsupported fiber-processing claim not visible in the photos or given in the product data, and the copy also skips the black cuff/heel",Dynamocks Chai Novelty Cotton Crew Socks – Cutting Chai,https://dynamocks.us/products/cutting-chai-crew-socks-comfy-cotton-single-pair-fun-design,,Yellow Cutting Chai Novelty Crew Socks for Men & Women,"Cutting Chai novelty cotton crew socks — a fun Indian-tea design in breathable combed cotton with a secure fit. Dynamocks, sizes 6–12, men & women.",Step out in fun yellow & black Cutting Chai crew socks. This novelty Indian-tea design offers breathable combed cotton and a secure fit for men & women.,"Photographs show yellow crew socks with black ""Chai"" and ""Cutting"" motifs and solid black cuffs, heels, and toes. This is a single pair, following Path A (casual). Chose ""Yellow Cutting Chai Novelty Crew Socks"" to lead with prominent color, specific motif, and length. Incorporated ""novelty"" as a preferred descriptive word, and ""for Men & Women"" as the top modifier. Rejected the brand leading the title and general ""colorful"" phrasing, per v6 instructions.",,,,2420,2421
,5,5,4,4,"Everything checks out against the photos and product data except the unverifiable comfort claim ""breathable... secure fit",Dynamocks Neon Green Cotton Crew Socks – Dandy,https://dynamocks.us/products/cotton-crew-socks-dandy-neon-green-crew-length-socks,,Neon Green & Teal Argyle Crew Socks for Men & Women | Dynamocks,"Neon green cotton crew socks — a bold pop of colour in breathable combed cotton with a secure fit. Dynamocks Dandy, sizes 6–12, men & women.","Stand out with funky neon green & teal argyle crew socks. Made from soft combed cotton for men & women, these bold socks offer a secure, stay-put fit for all-day comfort.","The photographs show a distinct argyle pattern in neon green, teal, white, and black on crew-length socks. Frames 1 and 3 show a male model wearing them, frame 2 is a product shot. The text confirms crew length, combed cotton material, and ""for men & women"". This is a single pair, so Path A. Chose ""Neon Green & Teal Argyle Crew Socks"" because colour (neon green) and the specific pattern ""argyle"" are high-demand terms, outranking generic ""geometric"" or ""colorful.",,,,2433,2434
,5,5,4,4,"""combed"" cotton is an unsupported upgrade on the stored data's plain ""Cotton,"" the only claim not",Dynamocks Aqua Blue Cotton Crew Socks – Dandy Aqua,https://dynamocks.us/products/dandy-aqua-crew-length-cotton-socks-a-splash-of-cool-comfort,,Aqua Blue & Purple Argyle Crew Socks for Men & Women | Dynamocks,"Aqua blue cotton crew socks — a refreshing pop of colour in breathable combed cotton with a secure fit. Dynamocks Dandy Aqua, sizes 6–12, men & women.","Step out in cool aqua blue & purple argyle crew socks. Crafted with soft combed cotton for breathability and a secure, stay-put fit. A funky style for men & women.","The photographs show a pair of crew socks with an argyle pattern in aqua blue, purple, and white. Frame 1 shows them worn with dress shoes, but the product is listed as a `single` pair and `Crew` length, guiding to PATH A for casual single socks. The motif is clearly argyle, which is a searched word never appearing in the catalog. Chose ""Aqua Blue & Purple Argyle"" over ""Geometric"" (a tag) because the photo clearly shows argyle, and grounding beats search volume.",,,,2436,2437
,5,5,4,4,"combed cotton"" upgrades the plain ""Cotton"" in the product data",Dynamocks Purple & White Doodle Cotton Crew Socks – Doodle,https://dynamocks.us/products/cotton-ankle-socks-doodle-crew-length-socks,,Purple & White Doodle Print Crew Socks for Men & Women | Dynamocks,"Purple & white doodle cotton crew socks — a playful sketch-style design in breathable combed cotton with a secure fit. Dynamocks, sizes 6–12, men & women.","Step out in style with these funky purple & white doodle print crew socks. Made from breathable combed cotton for all-day comfort, they feature a secure, stay-put fit for men & women. Add a cool touch to any outfit.","Frames 1-3 show purple crew socks with a white doodle/abstract pattern. Frame 1 shows a person wearing them, frames 2 and 3 are product shots. This is a single pair, casual product (Path A). Led with 'Purple & White Doodle Print Crew Socks' over the generic 'Doodle Crew Socks' to prioritize colour and length, which account for over 50% of search demand. 'Purple' (51 impressions) and 'crew length socks' (153 impressions) are relevant search terms, while 'doodle' describes the specific motif.",,,,2439,2440
,5,5,5,4,"Nothing costs accuracy — ""burgundy with mint green dots"" and the mint cuff/heel/toe accents are exact",Dynamocks Premium Polka Dot Cotton Crew Socks – ELITE,https://dynamocks.us/products/cotton-crew-socks-elite-crew-length-socks,,Burgundy & Mint Green Polka Dot Crew Socks for Men & Women | Dynamocks,"Premium polka dot cotton crew socks — soft breathable combed cotton with a secure fit for everyday wear. Dynamocks ELITE, sizes 6–12, men & women.","Upgrade your style with cool burgundy & mint green polka dot crew socks for men & women. Crafted from soft, breathable combed cotton, these fun socks offer a secure, stay-put fit for all-day comfort.","Images show burgundy crew socks with mint green polka dots, cuffs, heel, and toe. Frame 2, showing the product alone, confirms the mint green color. Followed Path A for single casual socks. Prioritized ""Burgundy Mint Green Polka Dot Crew Socks"" over generic pattern names, as color and length are high demand categories.",,,,2442,2443
,5,5,,,,Dynamocks Maroon Polka Dot Cotton Crew Socks – Fizzy Maroon,https://dynamocks.us/products/cotton-crew-socks-fizzy-maroon-crew-length-socks,,Maroon Multicolor Polka Dot Crew Socks for Men & Women | Dynamocks,"Maroon polka dot cotton crew socks — a bold multicolor-dot design in breathable combed cotton with a secure fit. Dynamocks Fizzy Maroon, sizes 6–12, men & women.","Funky maroon crew socks with vibrant multicolor polka dots. Made from breathable combed cotton for a secure, stay-put fit. Bold style for men & women.","The photographs clearly show a crew length sock with a maroon base and scattered yellow, light blue, and white polka dots. The cuff, heel, and toe are light blue. This is a single pair, casual product, following Path A. Led with ""Maroon Multicolor Polka Dot Crew Socks"" to match the actual visual and prioritize colour and length as per search demand, rejecting the internal codename ""Fizzy Maroon"".",,,,2448,2449
,5,5,4,4,"""combed cotton"" adds a fiber-processing claim beyond the stored data's plain ""cotton,"" the only unsupported detail in otherwise photo-accurate copy.",Dynamocks Yellow Polka Dot Cotton Crew Socks – Fizzy Yellow,https://dynamocks.us/products/fizzy-yellow-crew-length-socks-cotton-crew-socks,,Yellow Multicolor Polka Dot Crew Socks for Men & Women | Dynamocks,"Yellow polka dot cotton crew socks — a bright multicolor-dot design in breathable combed cotton with a secure fit. Dynamocks Fizzy Yellow, sizes 6–12, men & women.","Soft combed cotton yellow crew socks feature a playful multicolor polka dot pattern and a secure, stay-put fit. Add a cool, funky touch to any look for men & women, ideal for everyday wear or gifting.","The photographs show a single pair of yellow crew socks with a multicolor polka dot pattern (red, green, blue) and solid red cuff, heel, and toe. Path A (single, casual) was chosen. Led with ""Yellow Multicolor Polka Dot"" over internal name ""Fizzy Yellow"" and generic ""Colorful"" — yellow and polka dot are specific, visible, and align with strong search demand for color and pattern. Used ""for Men & Women"" as it's the most common modifier and true for the product.",,,,2451,2452
,5,5,4,4,The unisex cla,Dynamocks Orange Polka Dot Cotton Crew Socks – Fizzy Orange,https://dynamocks.us/products/fizzy-orange-crew-length-socks-cotton-crew-socks,,Orange Polka Dot Crew Socks for Men & Women | Dynamocks,"Orange polka dot cotton crew socks — a bright multicolor-dot design in breathable combed cotton with a secure fit. Dynamocks Fizzy Orange, sizes 6–12, men & women.","Add a fun pop of color with these cool orange polka dot crew socks. Designed for men & women, they feature bright white & teal dots over an orange base, finished with royal blue cuffs and toes. Made from breathable combed cotton for a secure, stay-put fit that lasts all day. Perfect for work or weekend fun.","Frames 1 and 2 show orange crew length socks with white and teal polka dots, and royal blue cuffs, heels, and toes. Frame 3 is an infographic. This is a single pair, casual product (PATH A). Chose ""Orange Polka Dot Crew Socks"" to accurately reflect the main colour and pattern, targeting ""orange socks"" and ""polka dot socks"" which are highly searched, and to differentiate from other ""multicolor polka dot"" titles already taken.",,,,2454,2455
,5,5,4,4,"combed"" cotton is an unsupported upgrade",Dynamocks Aqua Polka Dot Cotton Crew Socks – Fizzy Aqua,https://dynamocks.us/products/fizzy-aqua-crew-length-socks-cotton-crew-socks,,Aqua & Orange Polka Dot Crew Socks for Men & Women | Dynamocks,"Aqua polka dot cotton crew socks — a cool refreshing dotted design in breathable combed cotton with a secure fit. Dynamocks Fizzy Aqua, sizes 6–12, men & women.","Vibrant Aqua & Orange polka dot cotton crew socks for men and women. Enjoy a cool, breathable, and secure fit, perfect for adding a fun touch to any outfit.","Frames 1-3 show a pair of aqua crew socks with orange cuffs/toes and polka dots in white, dark blue, and orange. Followed Path A for single, casual product. Chose 'Aqua & Orange Polka Dot Crew Socks for Men & Women' as it accurately describes the product, prioritizes colour and length (58% of demand), and uses gender as the most common modifier. Rejected the previous pattern-led title as pattern words are 2.5% of demand.",,,,2457,2458
,5,5,4,4,"""combed"" cotton is an unsupported processing claim — the data only states cotton — while everything else (black and white houndstooth, crew length) is clearly visible.",Dynamocks Houndstooth Cotton Crew Socks – Crew,https://dynamocks.us/products/houndstooth-crew-length-socks-cotton-crew-socks,,Black & White Houndstooth Combed Cotton Dress Socks for Men | Dynamocks,"Houndstooth cotton crew socks — a classic timeless pattern in breathable combed cotton with a secure fit. Dynamocks, sizes 6–12, men & women.","Step up your style with classic black & white houndstooth combed cotton dress socks for men. Designed for a secure, stay-put fit, they're breathable, comfortable, and perfect for the office or formal events.","Photographs show black and white houndstooth crew socks worn exclusively with men's formal attire (suits, dress shoes). Chose Path C (dress and formal) because the visual styling and body copy (""dress-ready,"" ""Houndstooth Dress Socks Men"") confirm it's intended for the dress segment, prioritizing keywords like 'dress socks for men' and 'houndstooth' over generic 'crew socks' or 'geometric'. The material composition is combed cotton.",,,,2463,2464
,5,5,5,4,"Every claim — grey ground, dogs, bones, paw prints, crew length — is visible in the photos, and the only small loss",Dynamocks Grey & White Cotton Crew Socks – Happy,https://dynamocks.us/products/cotton-crew-socks-happy-crew-length-socks,,Funky Grey Dog Print Crew Socks for Men & Women | Dynamocks,"Grey, black & white cotton crew socks with a cheerful design — breathable combed cotton with a secure fit. Dynamocks Happy, sizes 6–12, men & women.","Walk your best friend in style with these funky grey dog print crew socks for men & women. Crafted from soft, breathable combed cotton for all-day comfort and a secure, stay-put fit. Features playful pups, bones, and paw prints.","Photographs 1-3 show grey crew socks with a repeating pattern of black and white dogs, bones, and paw prints; frames 2 and 3 include product placements. This is a single, casual pair (Path A). I chose ""Funky Grey Dog Print Crew Socks for Men & Women"" as ""grey"" and ""crew socks"" are high-demand terms, and ""funky"" is preferred over ""colorful"" for novelty motifs. The specific ""dog print"" motif accurately reflects the product, avoiding low-demand, generic terms like ""patterned.",,,,2469,2470
,5,5,,,,Dynamocks Leopard Print Cotton Crew Socks – Crew,https://dynamocks.us/products/leopard-crew-length-socks-cotton-crew-socks,,Yellow Leopard Print Crew Socks for Men & Women | Dynamocks,"Leopard print cotton crew socks — a bold animal design in breathable combed cotton with a secure fit. Dynamocks, sizes 6–12, men & women.","Unleash your wild side with these cool yellow, black & orange leopard print crew socks. Made with breathable combed cotton for men & women, they offer a secure, stay-put fit for all-day comfort.","The photographs show yellow, black, and orange leopard print crew socks. This is a single pair, so Path A (single pair, casual) is followed. Led with ""Yellow Leopard Print Crew Socks"" for men & women, prioritizing colour (half of demand) and gender (most common modifier) over the generic ""Leopard Print"" from the original title, which received 0 clicks.",,,,2472,2473
,5,5,3,4,"""combed cotton"" (plus the unverified ""sizes 6-12"") adds specifics the photos and product data never confirm, while the title's lemon/blue",Dynamocks Lemons Novelty Cotton Crew Socks – Crew,https://dynamocks.us/products/lemons-crew-length-socks-cotton-crew-socks,,Blue & Yellow Lemon Crew Socks for Men & Women | Dynamocks,"Lemons novelty cotton crew socks — a zesty fruit design in breathable combed cotton with a secure fit. Dynamocks, sizes 6–12, men & women.","Fun blue & yellow lemon crew socks for men & women. Made from breathable combed cotton for a secure, stay-put fit. Perfect for adding a zesty touch to any outfit.","The photographs show blue crew socks with a repeating pattern of yellow lemons and green leaves, finished with solid yellow cuffs and toes. This is a single pair, casual product, following Path A. The titles are built around ""Blue & Yellow Lemon Crew Socks for Men & Women"" to lead with prominent colours and length, as colour is half of all demand. ""Lemon"" is used as the specific motif, similar to other searched novelty patterns, rejecting generic ""Novelty Cotton Crew Socks"" for specificity.",,,,2475,2476
,5,5,5,4,"""Watermelon"" correctly names the fruit actually printed on the mint-green sock rather than the vaguer stored label ""Melon,"" and the title keeps the search term first with brand last, so nothing meaningful was lost beyond the description's slightly ornamental",Dynamocks Melon Novelty Cotton Crew Socks – Crew,https://dynamocks.us/products/cotton-ankle-socks-melon-crew-length-socks,,Mint Green Watermelon Print Crew Socks for Men & Women | Dynamocks,"Melon novelty cotton crew socks — a bright summery fruit design in breathable combed cotton. Dynamocks, sizes 6–12, men & women.","Step out in cool Mint Green Watermelon Crew Socks! Made with 85% combed cotton for breathable comfort, these fun fruit-patterned socks offer a secure fit for men & women. Add a bold pop of color to any outfit.","Frames 1-3 show a single pair of crew-length socks in mint green with a red watermelon slice motif, and green cuffs, heels, and toes. This product is a single, casual pair, so Path A applies. Led with ""Mint Green Watermelon Print"" as colour is half of all demand and ""mint green socks"" has 201 impressions, while ""watermelon"" is the specific motif the existing title fails to communicate effectively. Rejected ""mango"" as untrue, despite its search volume.",,,,2482,2483
,5,5,4,4,"""combed cotton"" adds a fiber-processing claim not visible in the photos or present in the product data, which only says cotton.",Dynamocks Mustache Novelty Cotton Crew Socks – Crew,https://dynamocks.us/products/mooch-crew-length-socks-mischief-for-your-feet,,Mango & Black Mustache Crew Socks for Men & Women | Dynamocks,"Mustache novelty cotton crew socks — a fun mischievous design in breathable combed cotton with a secure fit. Dynamocks, sizes 6–12, men & women.","Add a playful touch with fun mango & black mustache crew socks for men & women. Made from soft combed cotton for breathable, all-day comfort and a secure fit.","Frames 1-3 clearly show bright yellow (mango) crew socks with a repeating black mustache motif, with black cuffs, heels, and toes. The product is a `single` pair, so PATH A is followed. Chose ""Mango & Black Mustache Crew Socks"" over generic ""Novelty Cotton Crew Socks"" because specific colour and length terms carry significant search demand (e.g., ""mango socks"" 739 impressions), while pattern words are only 2.5% of demand and ""mustache"" is a clear, plain motif word.",,,,2488,2489
,5,5,5,4,,Dynamocks Pizza Novelty Cotton Crew Socks – Crew,https://dynamocks.us/products/pizza-crew-length-socks-cotton-crew-socks,,Cool Green & Yellow Pizza Crew Socks for Men & Women | Dynamocks,"Pizza novelty cotton crew socks — a fun food design in breathable combed cotton with a secure fit. Dynamocks, sizes 6–12, men & women.","Step out in fun with cool pizza crew socks for men & women. Made from soft combed cotton for a breathable, secure, stay-put fit that lasts.","Frames 1-3 show teal-green crew length socks with a yellow cuff and an all-over yellow pizza slice motif with red pepperoni. This is a single pair, casual product (Path A). Prioritized ""Green & Yellow Pizza Crew Socks for Men & Women"" using ""Cool"" as a modifier, aligning with the high demand for colour, length, and gender-inclusive modifiers, and preferring ""cool"" over ""novelty."" Rejected leading with the brand or internal product codes.",,,,2503,2504
,5,5,4,4,"""combed"" cotton is an unsupported fiber-processing claim not shown in the photos or",Dynamocks Paws & Bones Novelty Cotton Crew Socks,https://dynamocks.us/products/paws-and-bones-crew-length-socks-cotton-crew-socks,,Teal Paws & Bones Crew Socks for Men & Women | Dynamocks,"Paws & bones novelty cotton crew socks — a fun dog-lover design in breathable combed cotton with a secure fit. Dynamocks, sizes 6–12, men & women.","Show your love for dogs with these cool teal paw print & bone crew socks. Made with soft combed cotton for breathable, all-day comfort and a secure fit for men & women.","Frames 1-3 show teal crew socks with white and black paw prints and bones, accented with purple. This is a single, casual pair (Path A). I chose 'Teal Paws & Bones Crew Socks' as it accurately describes the unique motif and prioritizes colour and length, which carry most search demand, while avoiding near-matches from already taken titles.",,,,2509,2510
,5,5,5,4,"Every claim — ""auto-rickshaws,"" ""crew,""",Dynamocks Tuk Tuk Novelty Cotton Crew Socks – Crew,https://dynamocks.us/products/rickshaw-crew-socks-single-pair-fun-design-cotton-comfort,,White Tuk Tuk Novelty Crew Socks for Men & Women | Dynamocks,"Tuk Tuk novelty cotton crew socks — a fun colourful rickshaw design in breathable combed cotton with a secure fit. Dynamocks, sizes 6–12, men & women.","Step into a fun ride with white Tuk Tuk novelty crew socks for men & women. Featuring a cool rickshaw design in breathable combed cotton, these fun crew socks offer a secure fit for everyday wear. Dynamocks, sizes 6–12.","Photographs show white crew length socks with a multi-color rickshaw (Tuk Tuk) pattern in green, yellow, and black. This is a single pair, casual product (Path A). I'm focusing on ""White Tuk Tuk Novelty Crew Socks"" for men and women, leading with colour and length, which carry the most search demand, and using a specific motif to differentiate.",,,,2518,2519
,5,5,4,4,,Dynamocks Samosa Novelty Cotton Crew Socks – Crew,https://dynamocks.us/products/samosa-crew-length-socks-cotton-crew-socks,,Mint Green Samosa Novelty Crew Socks for Men & Women | Dynamocks,"Samosa novelty cotton crew socks — a fun Indian-snack design in breathable combed cotton with a secure fit. Dynamocks, sizes 6–12, men & women.","Fun mint green samosa novelty crew socks. Made from breathable combed cotton, they offer a secure, stay-put fit for men & women. Wear them for everyday fun.","Frames 1-3 show light green (mint green/aqua) crew socks with orange samosas and green chili peppers, with ""Samosa Garam"" text. Identified as a single, casual pair (PATH A). Led with ""Mint Green Samosa Novelty"" because colour and motif carry significant demand, and `mint green socks` is a direct search. Rejected `neon green` as the colour does not match the product photos.",,,,2521,2522
,5,5,4,4,"The description's unsupported comfort claims — ""breathable"" and ""secure fit"" — are the only details not visible in the photos or stated in the product data, while the color, symbol and lime green ground are all correct.",Dynamocks Yin Yang Cotton Crew Socks – Crew,https://dynamocks.us/products/ying-yang-crew-length-socks-cotton-crew-socks,,Neon Green Yin Yang Crew Socks for Men & Women | Dynamocks,"Yin Yang cotton crew socks — a balanced black & white design in breathable combed cotton with a secure fit. Dynamocks, sizes 6–12, men & women.","Step into balance with funky neon green Yin Yang crew socks. Made from breathable combed cotton for a secure, stay-put fit, perfect for men & women.","Photographs show neon green crew socks with a repeating black and white Yin Yang motif, and black cuffs, heels, and toes. Frame 1 is the product shot, frames 2-3 show them worn and a flat lay. This is a single pair, following Path A. Led with ""Neon Green"" and ""Yin Yang"" over generic terms like ""Patterned"" or just ""Green"", as ""Neon Green"" is a specific searched term (219 impressions) and colour (51% demand) leads motif (2.5% demand).",,,,2542,2543
,5,5,5,4,"Every claim — ""black and white zebra print,"" ""crew,"" and ""cotton"" — is visible in the photos or in the stored product data, and the title leads cleanly with the search term at 34 characters; only the description's generic ""secure and comfortable fit"" filler adds no searchable term.",Dynamocks Zebra Print Cotton Crew Socks – Crew,https://dynamocks.us/products/zebra-crew-length-socks-cotton-crew-socks,,Black & White Zebra Print Crew Socks for Men & Women | Dynamocks,"Zebra print cotton crew socks — a bold black & white animal design in breathable combed cotton with a secure fit. Dynamocks, sizes 6–12, men & women.",Cool black & white zebra print crew socks in combed cotton. Stand out with this funky animal design for men & women. Offers breathable comfort and a secure fit for everyday wear.,"Photographs show black and white zebra striped crew socks, crew length. This is a single pair, casual product (PATH A). Led with ""Black & White Zebra Print Crew Socks for Men & Women"" as colour and length carry the most search demand, and gender is the biggest modifier.",,,,2551,2552
,5,5,4,4,"""combed"" cotton is an unsupported spec — the photos and product data only confirm plain cotton — while everything else (lime green ground, black-and-white yin yang repeat, black cuff/heel/toe, ankle length) is visible.",YING YANG ANKLE LENGTH SOCKS - Cotton Ankle Socks,https://dynamocks.us/products/ying-yang-ankle-length-socks-cotton-ankle-socks,,Neon Green Fun Yin Yang Ankle Socks for Men & Women | Dynamocks,"YING YANG ANKLE LENGTH SOCKS:  Embrace balance in style!  Breathable combed cotton, striking Ying Yang design, and comfortable fit.","Step out in vibrant style with these neon green Yin Yang ankle socks for men & women. Featuring a striking balance of black and white symbols, these fun combed cotton socks are soft, breathable, and perfect for everyday wear. Add a cool, unique touch to any outfit.","The photographs show neon green ankle socks featuring multiple black and white Yin Yang symbols. Path A (single pair, casual) was chosen because the product kind is 'single'. The primary search terms aimed for were ""neon green ankle socks"" (41 impressions, accurate color and length) and ""fun socks"" (preferred adjective). ""Yin Yang"" was included as the specific motif. ""Green ankle socks"" (648 impressions) was rejected to maintain grounding, as the product is distinctly neon green.",,,,2563,2564
,5,5,5,4,"Every claim — zebra stripes, black and white, ankle length, cotton — is visible in the photos or in the product data, and the only small cost is the description opening on the filler phrase ""Step out in bold style"" instead of the searchable term ""zebra print ankle socks.""",ZEBRA ANKLE LENGTH SOCKS - Cotton Ankle Socks,https://dynamocks.us/products/zebra-ankle-length-socks-cotton-ankle-socks,,Black & White Zebra Ankle Socks for Men & Women | Dynamocks,"ZEBRA ANKLE LENGTH SOCKS:  Add a touch of wild style to your feet with a bold zebra pattern, breathable combed cotton, and a comfortable fit.","Add a wild touch to your style with Black & White Zebra Ankle Socks. Soft combed cotton ensures breathable comfort for men & women. Perfect for a fun, funky look.","The photographs clearly show black and white zebra print ankle socks. This is a single pair, casual product, so Path A was followed. The `seo_title` focuses on ""Black & White Zebra Ankle Socks for Men & Women"" to capture colour, motif, and gender demand, which together significantly outweigh generic pattern searches.",,,,2566,2567
,5,5,5,4,"Only the unverifiable comfort claim ""breathable"" strays from the photos, while ""purple,"" ""white doodle,"" ""ankle"" and ""cotton"" are all sup",DOODLE ANKLE LENGTH SOCKS - Cotton Ankle Socks,https://dynamocks.us/products/doodle-ankle-length-socks-cotton-ankle-socks,,Purple Doodle Ankle Socks for Men & Women | Dynamocks,"DOODLE ANKLE LENGTH SOCKS:  Add a touch of fun to your style with playful doodles, breathable combed cotton, and a comfortable fit.","Step out in style with cool purple doodle ankle socks for men & women. Made from soft, breathable combed cotton for all-day comfort and a secure fit. Perfect for adding a fun, funky touch to any outfit.","The photographs show purple ankle socks with a white abstract, doodle-like pattern. This is a single pair, casual product, following Path A. Prioritized ""Purple"" and ""Ankle Socks"" (1503 impressions) for primary keywords, as colour and length carry the most demand.",,,,2581,2582
,5,5,4,4,"The description's ""combed cotton"" adds a fiber-processing claim the photos and product data (""Cotton Ankle Socks"") don't support, while every color and the stripe pattern are otherwise exactly as shown.",STRIPES 7.0 ANKLE LENGTH SOCKS - Cotton Ankle Socks,https://dynamocks.us/products/stripes-7-0-ankle-length-socks-cotton-ankle-socks,,Cool Blue & Mint Striped Ankle Socks for Men & Women | Dynamocks,STRIPES 7.0 ANKLE LENGTH SOCKS:  Breathable combed cotton meets a timeless striped design. Perfect for a touch of classic style and all-day comfort.,Add a cool touch to your everyday with these blue and mint striped ankle socks. Made from breathable combed cotton for all-day comfort and a flexible fit that stays put. Perfect for men & women.,"Frames 1-3 show a pair of ankle-length socks with black, white, dark blue, light blue, and mint green horizontal stripes. The product is a single, casual pair (PATH A). Led with 'Cool Blue & Mint Striped Ankle Socks' as colour and length carry the most demand (58% and 51% respectively), and 'Cool' is a preferred adjective over 'colorful'.",,,,2233,2234
,5,5,5,4,"Every claim — turquoise ground, yellow bananas, orange cuff/heel/toe, ankle length — is visible in the photos and the title leads with ""Banana"" at under 40 characters, with only the unverifiable ""breathable"" softening the description slightly.",Turquoise & Orange Cotton Ankle Socks: Banana Ankle Length Socks,https://dynamocks.us/products/cotton-ankle-socks-banana-ankle-length-socks,,Turquoise & Orange Banana Ankle Socks for Men & Women | Dynamocks,"Add a touch of fruity fun to your feet! Cotton ankle socks with a playful Banana design. Breathable comfort, perfect stretch, standout style.","Step up your style with cool turquoise and orange banana ankle socks. Made with comfortable cotton, these funky socks are perfect for everyday fun and making a statement.","The photographs clearly show turquoise and orange ankle socks with a banana motif, with no banners or size charts. This is a single, casual product, so I followed Path A. I prioritized ""Turquoise & Orange"" and ""Ankle Socks"" because color and length carry the most search demand. The specific ""Banana"" motif was included as secondary detail, as pattern words have lower demand but are still descriptive. I chose ""funky"" and ""cool"" for the description, based on autocomplete data preferring these over ""colorful.",,,,2620,2621
,5,5,5,4,"Every claim — ""optical illusion,"" ""black and white pattern,"" ""yellow",Cotton Ankle Socks: MIRAGE Ankle Length Socks,https://dynamocks.us/products/cotton-ankle-socks-mirage-ankle-length-socks,Mirage Cotton Ankle Socks | Stylish & Comfortable Ankle-Length Socks for All-Day Wear,"Black, White & Mango Geometric Ankle Socks for Men & Women | Dynamocks","Step into a world of style with Mirage Cotton Ankle Socks! These chic ankle-length socks offer a blend of comfort and elegance with their eye-catching patterns. Crafted from soft, breathable cotton, they ensure a perfect fit for everyday wear. Whether you're on the move or relaxing, these socks provide ultimate comfort while adding a stylish twist to any outfit. Elevate your wardrobe with Dynamocks' Mirage Ankle Socks and embrace comfort and creativity!","Step out in a truly eye-catching design with these cool Black, White & Mango Geometric Ankle Socks. Featuring a mesmerizing swirl pattern and vibrant mango accents, these funky socks add a bold statement to any outfit. Made from soft combed cotton with a touch of spandex and elastic, they offer breathable comfort and a secure fit for all-day wear. Perfect for men and women looking to express their unique style.","Frames 1-3 clearly show ankle socks with a black and white geometric, swirling pattern, accented with bright mango yellow on the cuffs, heels, and toes. I'm following Path A for single, casual pairs. I chose 'Black, White & Mango Geometric Ankle Socks' to capitalize on high search demand for color and length, including 'mango' (739 impressions) for the prominent trim, and 'geometric' as the plain pattern term, rather than generic 'patterned' which has less demand.",,,,2997,2998
,5,5,5,4,"Every claim — ""Cutting Chai"" text, chai glasses, yellow ground, ankle length, cotton — is","Cutting Chai Cotton Ankle Socks | Single Pair, Playful Indian Style",https://dynamocks.us/products/cutting-chai-cotton-ankle-socks-single-pair-playful-indian-style,,Golden Yellow Cutting Chai Ankle Socks for Men & Women | Dynamocks,Add a touch of chai to your style! Cutting-Chai ankle socks offer a fun design and luxurious cotton comfort.,"Celebrate Indian tradition with these fun Golden Yellow Cutting Chai ankle socks. Crafted from soft combed cotton for men & women, they offer all-day breathable comfort and a flexible fit.","Frames 2-4 show golden yellow ankle socks with black accents, featuring a repeated ""Cutting Chai"" glass motif and text; frame 1 is a standard product shot. This is a single pair, casual product (PATH A). Led with ""Golden Yellow Cutting Chai Ankle Socks"" as colour and length carry the most demand, and ""Cutting Chai"" is the specific motif, rejecting ""mango"" to avoid misrepresentation despite search volume.",,,,2630,2631
,5,5,,,,FIZZY MAROON ANKLE LENGTH SOCKS - Cotton Ankle Socks,https://dynamocks.us/products/fizzy-maroon-ankle-length-socks-cotton-ankle-socks,,Maroon & Turquoise Polka Dot Ankle Socks for Men & Women | Dynamocks,FIZZY MAROON ANKLE LENGTH SOCKS:  Add a vibrant pop of maroon to your style! Breathable combed cotton and a comfortable fit.,Add a funky touch to your everyday with these cool maroon & turquoise polka dot ankle socks. Made from breathable combed cotton for men & women.,"Frames 1-3 show maroon socks with yellow, blue, and white polka dots, accented with turquoise on the cuff, heel, and toe. The length is ankle. This is a single pair, casual product, so Path A was chosen. Led with ""Maroon & Turquoise Polka Dot Ankle Socks for Men & Women"" as color (51% demand), length (58% demand), and motif ""polka dot"" (searched but absent) are high-demand elements. Rejected ""Fizzy"" as it is an internal codename not a search term.",,,,2636,2637
,5,5,5,4,"Everything checks out against the photos and product data — teal-and-black hexagon ankle socks in cotton — with only the description's ""unique geometric pattern"" stacking a redundant descriptor on ""hexagon"" that no shopper would type.",HEXAGON ANKLE LENGTH SOCKS - Cotton Ankle Socks,https://dynamocks.us/products/hexagon-ankle-length-socks-cotton-ankle-socks,,Turquoise & Black Hexagon Ankle Socks for Men & Women | Dynamocks,HEXAGON ANKLE LENGTH SOCKS:  Modern hexagon pattern meets breathable combed cotton. Perfect for adding stylish comfort to your everyday.,Step up your style with cool turquoise & black hexagon ankle socks for men & women. Made from soft combed cotton for all-day comfort and a flexible fit.,"The photographs show black and a vibrant blue-green (turquoise) ankle socks with an interlocking hexagon pattern. I followed PATH A for single, casual pairs, prioritizing colour and length as per search demand. I chose ""Turquoise & Black Hexagon Ankle Socks"" over a generic ""Geometric Print"" title, as specific colours are half of all demand and pattern words are low volume. ""Ankle"" is confirmed by the product data.",,,,2639,2640
,5,5,4,4,"""breathable cotton blend"" is a material claim not visible in the photos or given in the product data, the only unsupported detail in otherwise photo-accurate copy.",Happy Ankle Length Socks: Spread Joy with Every Step,https://dynamocks.us/products/happy-ankle-length-socks-spread-joy-with-every-step,,Gray Funky Dog Print Ankle Socks for Men & Women | Dynamocks,"Step into sunshine! Happy Ankle Socks (Cotton Blend) add a pop of color & joy to your day. Breathable & comfy, they keep your feet happy all day long.","Step out with a smile in these cool gray ankle socks, featuring playful dog prints. Made from a soft cotton blend, they offer all-day comfort and a funky touch to any outfit for men and women.","Frames 1-2 show light gray ankle socks with black and white dog prints, red collars, bones, and paw prints. The cuffs, heels, and toes are black. This is a single, casual pair, so Path A. Chose ""Gray Funky Dog Print Ankle Socks"" over the current ""Happy Ankle Length Socks"" to align with high demand for colour, length, and ""funky"" adjectives, while accurately describing the motif.",,,,2645,2646
,5,5,3,4,"""combed cotton"" is an unsupported fiber-processing claim not visible in the photos or present in the product data, which only states cotton.",SOLID TEAL GREEN ANKLE LENGTH SOCKS - Cotton Ankle Socks,https://dynamocks.us/products/solid-teal-green-ankle-length-socks-cotton-ankle-socks,,Solid Teal Green Ankle Socks for Men & Women | Dynamocks,SOLID TEAL GREEN ANKLE LENGTH SOCKS:  Breathable combed cotton with a cool teal shade. Perfect for everyday comfort.,"Step into cool comfort with our solid teal green ankle socks. Made from soft combed cotton, these breathable socks offer a secure fit for men & women.","The photographs show solid teal green ankle socks, ignoring the day-of-the-week banners. This product is a single pair, following PATH A for casual socks. I aimed for ""Solid Teal Green Ankle Socks for Men & Women"" over more generic terms, incorporating ""solid"" which is a searched term currently missing from the catalog and prioritising colour and length as primary search drivers.",,,,2654,2655
,5,5,4,4,"Everything matches the photos and product data except ""vibrant,"" which oversells a soft pastel mint and is the only unsupported descriptor.",Cotton Ankle Socks: SOLID MINT Ankle Length Socks,https://dynamocks.us/products/cotton-ankle-socks-solid-mint-ankle-length-socks,Solid Mint Cotton Ankle Socks | Refresh Your Wardrobe with Vibrant Style,Mint Green Solid Ankle Socks for Men & Women | Dynamocks,"Brighten up your day with Solid Mint Cotton Ankle Socks. These ankle-length socks combine a pop of fresh mint color with ultra-soft, breathable cotton for maximum comfort. Perfect for casual wear, workouts, or adding a touch of vibrant color to your outfit, they keep your feet cool and stylish all day long. Add a refreshing twist to your sock collection with Dynamocks' Solid Mint socks – where comfort meets bold simplicity!","Discover our Mint Green Solid Ankle Socks, crafted from soft combed cotton for all-day comfort and a secure fit. These cool, fresh ankle length socks are perfect for adding a pop of color to any casual outfit for men and women.","The photographs show a single pair of solid, mint green, ankle-length socks. This is a 'single pair, casual' product, following PATH A. I chose ""Mint Green Solid Ankle Socks"" to align with search demand for 'mint green socks' (201 impressions), 'solid' (implied by 'plain ankle socks' 90 impressions, and existing 'solid' titles), and 'ankle socks' (1503 impressions), using ""for Men & Women"" as the common modifier for casual styles. This is distinct from existing ""Solid Green"" titles, which are too generic for a specific shade like mint.",,,,3012,3013
,5,5,4,4,"""combed cotton"" adds an unverifiable processing claim beyond the stored data's plain ""cotton,"" the only detail not visible in the photos.",Dynamocks Neon & Red Striped Cotton Crew Socks – Stripes 11.0,https://dynamocks.us/products/stripes-11-0-crew-length-socks-bold-stripes-for-your-feet,,"Neon Green, Red & Navy Striped Crew Socks for Men & Women | Dynamocks","Neon & red striped cotton crew socks — breathable combed cotton with a secure stretch fit for everyday wear. Dynamocks Stripes 11.0, sizes 6–12, men & women.","Stand out with cool neon green, red & navy striped crew socks for men & women. Made from soft, breathable combed cotton, these funky crew length socks offer a secure, stay-put fit for all-day comfort. Sizes 6–12.","Frames 1-3 show neon green crew socks with red and navy horizontal stripes. The product is a single pair, so Path A is followed. Led with ""Neon Green, Red & Navy Striped Crew Socks"" as colour and length carry the most demand, and ""neon green socks"" (219 impressions) is a direct match, while ""striped crew socks"" and ""crew length socks"" are also frequently searched. The current title failed to include the distinct navy stripe shown in all photographs.",,,,2672,2673
,5,5,4,4,"The title nails the visible bold orange-and-blue horizontal stripes and ankle length in a short, search-led format, while the description only slips on ""secure fit,"" a comfort claim not visible in the photos or given in the product",Orange & Blue Cotton Ankle Socks: Bold Stripes 4.0 Ankle Length Socks,https://dynamocks.us/products/bold-stripes-4-0-ankle-length-socks,,Orange & Blue Striped Ankle Socks for Men & Women | Dynamocks,"Add a fresh, bold look to your feet! Cotton ankle socks with a vibrant Stripes 4.0 design. Breathable, secure fit, standout style.","Add a pop of color to any outfit with these vibrant orange & blue striped ankle socks. Made from breathable combed cotton, they offer a comfortable and secure fit. Ideal as fun ankle socks for men & women, bringing a touch of personality to your day.","The photographs show blue and orange horizontal stripes on ankle-length socks. This is a single pair, so Path A (single pair, casual) is chosen. I aimed for ""orange & blue striped ankle socks"" over the product's internal ""Bold Stripes 4.0"" to leverage higher search demand for specific colours and common patterns.",,,,2681,2682
,5,5,5,4,"Every claim — ankle length, blue/yellow/red stripes, cotton — is visible in the photos or in the stored product data, and the title leads with the exact search phrase, so the only minor loss is the description's generic ""vibrant touch...colorful statement"" filler",Cotton Ankle Socks: Bold Stripes 5.0 Ankle Length Socks,https://dynamocks.us/products/cotton-ankle-socks-bold-stripes-5-0-ankle-length-socks,Cotton Ankle Socks – Bold Stripes 5.0 Ankle Length Socks | Stylish & Dynamic,Blue & Yellow Striped Ankle Socks for Men & Women | Dynamocks,"Make a statement with our Cotton Ankle Socks featuring Bold Stripes 5.0 design. These ankle-length socks combine striking stripes with comfortable cotton, offering a dynamic and stylish addition to your everyday outfits. Perfect for adding a touch of flair and color to your look. Shop now at Dynamocks and enjoy the perfect blend of fashion and comfort with these eye-catching socks!","Make a statement with these cool blue & yellow striped ankle socks for men & women. Crafted from soft combed cotton, they offer a comfortable, secure fit for everyday wear. Add a touch of fun to any outfit.","The photographs show a single pair of ankle socks with prominent blue and yellow stripes, accented by thin red stripes. The first image shows a man wearing the socks. This product is a `single` pair, fitting `PATH A — single pair, casual`. I aimed for `Blue & Yellow Striped Ankle Socks`, combining high-demand colour and length with the visible motif. I rejected using internal names like ""Bold Stripes 5.0"" and chose ""striped"" as it is a searched term (93 impressions) and accurately describes the product.",,,,3018,3019
,5,5,4,4,"""combed"" cotton is an unsupported upgrade on the stored ""Cotton"" spec and isn't visible in any photo, costing the description a point on accuracy.",Dynamocks Purple & Yellow Striped Cotton Crew Socks – Stripes Duo 2.0,https://dynamocks.us/products/stripes-duo-2-0-crew-length-socks-cotton-crew-socks,,Purple & Yellow Striped Crew Socks for Men & Women | Dynamocks,"Purple & yellow two-tone striped cotton crew socks — breathable combed cotton with a secure stretch fit. Dynamocks Stripes Duo 2.0, sizes 6–12, men & women.","Step out in cool purple & yellow striped crew socks. Crafted from breathable combed cotton, these funky socks offer a secure, stay-put fit for everyday comfort. Perfect for adding a bold splash of color to any outfit for men & women.","Photographs show crew length socks with bold purple and yellow horizontal stripes; frames 1-3 show the product clearly. This is a single pair, casual product (PATH A). Led with ""Purple & Yellow Striped Crew Socks"" over the internal 'Stripes Duo 2.0' and generic 'colorful striped' as specific colours and length carry the most search demand, while motif words are low volume.",,,,2687,2688
,5,5,4,4,"The description's ""combed cotton"" adds a fiber-processing claim that neither the photos nor the stored product data (""Cotton"") support, while everything else — white, ribbed, crew, solid — is plainly visible.",Dynamocks White Cotton Crew Socks – Solid,https://dynamocks.us/products/solid-white-crew-socks-single-pair-classic-cotton-comfort,,White Solid Crew Socks for Men & Women | Dynamocks,"Solid white cotton crew socks — a clean classic everyday essential in breathable combed cotton. Dynamocks, sizes 6–12, men & women.","Elevate your everyday with these classic solid white crew socks. Crafted from soft, breathable combed cotton, they offer a comfortable and secure stay-put fit for all-day wear. A versatile essential, perfect for both men and women.","The photographs show a pair of plain white, ribbed, crew-length socks. Confirmed as a `single` product, following Path A. The material is 85% Combed Cotton, and the `body description` states ""for men and women"". Chose ""White Solid Crew Socks"" as the primary search phrase, incorporating ""solid"" as a key search term missing from the catalog, and ""for Men & Women"" as the most common modifier, aligning with the product's actual target audience and the existing ""cotton crew socks"" demand.",,,,2705,2706
,5,5,4,4,,Dynamocks Black Cotton Crew Socks – Solid,https://dynamocks.us/products/solid-black-crew-socks-single-pair-everyday-cotton-comfort,,Cool Black Solid Crew Socks for Men & Women | Dynamocks,"Solid black cotton crew socks — a sleek everyday essential in breathable combed cotton with a secure fit. Dynamocks, sizes 6–12, men & women.","Discover cool black solid crew socks for men & women. Enjoy sleek, everyday comfort and a secure, stay-put fit in breathable combed cotton, wash after wash.","The photographs clearly show solid black crew socks. This is a single pair, casual product, following PATH A. I chose ""Black Solid Crew Socks"" as the core phrase, prioritizing colour and length which are over 50% of demand, and including ""solid"" as a searched term that is missing from the catalog. I also incorporated ""cool,"" which outranks ""colorful"" in autocomplete.",,,,2708,2709
,5,5,4,4,"""combed cotton"" adds a fiber-processing claim that neither the photos nor the product data (""Cotton"") supports, costing the description a point on accuracy while everything else — purple, ribbed, solid, crew — is plainly visible.",Dynamocks Purple Cotton Crew Socks – Solid,https://dynamocks.us/products/solid-purple-crew-length-cotton-socks-a-bold-statement,,Purple Combed Cotton Dress Socks for Men & Women | Dynamocks,"Solid purple cotton crew socks — a bold statement colour in breathable combed cotton with a secure fit. Dynamocks, sizes 6–12, men & women.","Bold purple combed cotton dress socks for men and women. Designed to stay up all day, their breathable fabric ensures comfort for work or any special occasion.","The photographs show solid purple, ribbed socks. Frames 1 and 3 depict them worn with dress shoes and tailored trousers, indicating a dress or formal style, while frame 2 is a product shot. Despite `PRODUCT KIND: single`, the product's visual style and intended use align with Path C's ""dress and formal"" segment, as per the instruction ""Say Dress Socks, not 'Crew Socks', when the product is a dress sock."" This decision prioritizes product identity over pack count. The titles aim at search terms like ""purple dress socks"" and ""combed cotton dress socks,"" and incorporate the benefit of a ""stay-put fit"" which is a known pain point, rather than generic ""crew socks.",,,,2717,2718
,5,5,3,4,"""combed",Dynamocks Mint Green Cotton Crew Socks – Solid Mint,https://dynamocks.us/products/solid-mint-crew-length-cotton-socks-a-refreshing-touch,,Cool Mint Green Solid Crew Socks for Men & Women | Dynamocks,"Solid mint green cotton crew socks — a cool refreshing colour in breathable combed cotton with a secure fit. Dynamocks, sizes 6–12, men & women.","Get a cool, refreshing pop of mint green with these solid crew socks. Made from breathable combed cotton, they offer a secure, stay-put fit for all-day comfort for men & women.","The photographs show solid mint green ribbed crew socks. The `PRODUCT KIND` is `single`, so I followed PATH A. I chose ""Mint Green Solid Crew Socks"" as the core phrase, aiming for ""mint green socks"" (201 impressions) and using the new target word ""solid"". ""Cool"" was added to replace ""colorful"" as per instructions.",,,,2732,2733
,5,5,3,4,"""combed cotton"" and ""sizes 6-12"" are specifics neither visible in the photos nor present in the product data, while the title's turquoise/ribbed",Dynamocks Turquoise Cotton Crew Socks – Solid,https://dynamocks.us/products/cotton-crew-socks-solid-turquoise-crew-length-socks,,Turquoise Solid Crew Socks for Men & Women | Dynamocks,"Solid turquoise cotton crew socks — a vibrant cool colour in breathable combed cotton with a secure fit. Dynamocks, sizes 6–12, men & women.","Step up your style with these cool turquoise solid crew socks. Made from breathable combed cotton for a secure, stay-put fit. Perfect for men and women, sizes 6-12.","Frames 1-3 show solid turquoise, ribbed crew socks. Frame 1 shows them worn with dress shoes, but the product kind is 'single' and product type is 'Crew', so it's a casual single pair following Path A. Prioritized 'Turquoise' and 'Crew' for high search demand (colour is 51%, length 58%), and used 'Solid' as a searched motif.",,,,2738,2739
,5,5,4,4,,Yellow Unisex Bamboo Crew Length Socks,https://dynamocks.us/products/yellow-unisex-bamboo-crew-length-socks,Comfort Meets Style: Yellow Unisex Bamboo Crew Length Socks | Eco-Friendly Comfort,Soft Yellow Bamboo Dress Socks for Men & Women | Dynamocks,"Step into comfort and style with our Yellow Unisex Bamboo Crew Length Socks! Made from soft, breathable bamboo fabric, these socks keep your feet cozy all day long. Perfect for any occasion, they are eco-friendly and hypoallergenic, making them a smart choice for your wardrobe. Experience the perfect blend of fashion and sustainability—because your feet deserve the best!","Experience all-day comfort and bold style with our yellow bamboo dress socks for men & women. Crafted from luxuriously soft and breathable bamboo, they offer anti-odor properties and a secure, stay-put fit. Perfect for business or special occasions, these durable socks keep your feet fresh and comfortable.","The photographs show solid yellow, crew-length socks. Frame 1 shows them worn with a suit, suggesting a dress sock, while frame 2 is a product shot. Frame 3 is a marketing banner for the bamboo collection. This product follows Path C for dress and formal wear, emphasizing the bamboo material for health and comfort benefits, rather than a casual single pair. I've aimed to incorporate search terms like ""yellow bamboo dress socks"" and benefits like ""soft"" and ""stay-put fit"" while maintaining ""for Men & Women"" as the product is listed as Unisex.",,,,3111,3112
,5,5,4,4,"The description's ""naturally wick moisture"" claim is the only detail not supported by the photos or the brand's own bamboo-collection callouts (which",Navy Blue Unisex Bamboo Crew Length Socks,https://dynamocks.us/products/navy-blue-unisex-bamboo-crew-length-socks,Comfort Meets Style: Navy Blue Unisex Bamboo Crew Length Socks,Navy Blue Bamboo Crew Socks for Men & Women | Dynamocks,"Step into unparalleled comfort with our Navy Blue Unisex Bamboo Crew Length Socks. Crafted from eco-friendly bamboo, these socks provide breathability and softness for all-day wear. Whether you're lounging at home or out on the town, their stylish design and natural moisture-wicking properties keep your feet happy and fresh. Perfect for everyone, these socks make a thoughtful gift or a cozy treat for yourself. Experience the perfect blend of comfort and style—your feet will thank you!","Experience unmatched comfort with our navy blue bamboo crew socks for men & women. Luxuriously soft, naturally breathable & odor-resistant for all-day freshness, these socks offer a secure, stay-put fit.","The photographs show solid navy blue crew-length socks with minimal white detailing; frames 2 and 3 are marketing banners and close-ups. This is a single pair, casual product, but the bamboo material makes it a special case for health and comfort benefits. I chose ""Navy Blue Bamboo Crew Socks for Men & Women"" for the title, prioritizing colour, material, and length as they carry the most demand. I rejected ""dress socks"" as the visuals show a casual crew sock.",,,,3117,3118
,5,5,4,4,"The title is clean, correct and search-led, while the description's only soft spot is ""breathable,"" a claim not shown in the photos or brand infographic (which lists softness, odor resistance and seam construction instead).",White Unisex Bamboo Crew Length Socks,https://dynamocks.us/products/white-unisex-bamboo-crew-length-socks,"White Unisex Bamboo Crew Length Socks | Soft, Sustainable Comfort by Dynamocks",White Solid Bamboo Crew Socks for Men & Women | Dynamocks,"Step into eco-friendly luxury with Dynamocks' White Unisex Bamboo Crew Length Socks. Made from sustainable bamboo fibers, these socks offer breathability, ultra-soft comfort, and moisture-wicking technology to keep your feet fresh all day. Perfect for any occasion, these versatile socks provide a soothing fit while caring for the planet. Shop now and experience the difference!","Experience luxurious softness and all-day freshness with our White Solid Bamboo Crew Socks. Naturally breathable and anti-odor, they offer superior comfort and a secure, stay-put fit.","The photographs clearly show a pair of plain white crew-length socks. Frame 2 is an informational banner, and frame 3 is a close-up of the toe. This product's material composition (85% Bamboo) and body description of benefits (anti-odor, ultra-soft, breathable, temperature-regulating, stay-put fit) align it with Path C for ""dress and formal,"" specifically the ""bamboo is a special case"" guidance. Material is required in the title for this path. I chose to categorize it as 'Dress Socks' due to the premium material and its properties, which are key for this segment, while incorporating 'Crew' to denote length. The product's original title specifies 'Unisex', so I adapted the Path C gender modifier 'for Men' to 'for Men's & Women's' to ensure accurate grounding, which overrides a general template for a specific product. I rejected leading with 'eco-friendly' in the description, as instructed, and instead focused on health and comfort benefits.",,,,3123,3124
,5,5,4,4,"Calling the pair """,Royal Blue Unisex Bamboo Crew Length Socks,https://dynamocks.us/products/royal-blue-unisex-bamboo-crew-length-socks,"Royal Blue Unisex Bamboo Crew Length Socks | Soft, Breathable & Eco-Friendly Comfort",Royal Blue Solid Crew Socks for Men & Women | Dynamocks,"Step into luxury with our Royal Blue Unisex Bamboo Crew Length Socks. Crafted from eco-friendly bamboo, these socks offer superior breathability, moisture-wicking properties, and all-day comfort. Perfect for both men and women, they bring a pop of vibrant color to any outfit while keeping your feet fresh and dry. Elevate your everyday essentials with sustainable style from Dynamocks!","Step into comfort with cool Royal Blue crew socks for men and women. Crafted from luxuriously soft bamboo, these naturally anti-odor and breathable socks ensure your feet stay fresh, cool, and dry. Featuring a seamless toe and reinforced heel, our Comfort Bands guarantee a secure, stay-put fit all day.","The photograph shows solid royal blue crew length socks; image 2 is a promotional banner. Product kind is single. Although the current title uses ""Crew Length Socks,"" other bamboo socks in the ""already taken"" list are explicitly designated ""Bamboo Crew Dress Socks."" Given the premium material (85% Bamboo) and the body copy highlighting ""luxe look and feel,"" ""anti-odor,"" and ""stay-put fit"" (key features for dress socks), this product falls under PATH C (dress and formal). I've chosen to use ""Solid"" as the motif, which is a searched term when applicable, over a generic description. Gender modifier ""for Men & Women"" is used as the product is currently labeled ""Unisex"" and body copy supports it, overriding Path C's general ""for Men"" guidance to avoid inventing facts.",,,,3126,3127
,5,5,4,4,"""naturally wick moisture"" is the one claim not shown in the photos or listed on the bamboo feature card (which cites softness, odor resistance, reinforced",Black Unisex Bamboo Crew Length Socks,https://dynamocks.us/products/black-unisex-bamboo-crew-length-socks,Black Unisex Bamboo Crew Length Socks | All-Day Comfort & Eco-Friendly Style,Black Solid Bamboo Crew Dress Socks for Men & Women | Dynamocks,"Step into sustainable comfort with our Black Unisex Bamboo Crew Length Socks from Dynamocks. Made from soft, breathable bamboo fabric, these eco-friendly socks offer natural moisture-wicking and anti-odor properties. Elevate your everyday wear with a perfect blend of comfort, style, and sustainability.","Experience superior comfort with our Black Solid Bamboo Crew Dress Socks for men & women. Enjoy naturally soft, breathable, and anti-odor benefits, perfect for all-day wear. Designed to stay up, these premium crew length socks offer a secure fit and luxurious feel.","The photograph shows a pair of solid black crew length socks. The product kind is 'single'. The material composition is 85% Bamboo, and the description emphasizes comfort, anti-odor, and temperature regulation, aligning with the ""Bamboo special case within dress"" section of Path C. Therefore, this product is treated as a single pair of dress/comfort-focused socks. I chose to lead with 'Black Solid Bamboo Crew Dress Socks for Men & Women' to incorporate colour, pattern (solid), material, length, type, and gender, targeting terms like 'bamboo socks benefits' and 'dress socks'.",,,,3132,3133
